,vids,labels
0,/home/itec/sahar/Domain_Adaptation/DA_main/multiclass_cataract_4class/IAandAbsaugung/case_5015_IA_0%3A02%3A53.316667-0%3A03%3A38.20000030fps_clip_437.mp4,0
1,/home/itec/sahar/Domain_Adaptation/DA_main/multiclass_cataract_4class/IAandAbsaugung/case_5015_IA_0%3A02%3A53.316667-0%3A03%3A38.20000030fps_clip_438.mp4,0
2,/home/itec/sahar/Domain_Adaptation/DA_main/multiclass_cataract_4class/IAandAbsaugung/case_5015_IA_0%3A02%3A53.316667-0%3A03%3A38.20000030fps_clip_439.mp4,0
3,/home/itec/sahar/Domain_Adaptation/DA_main/multiclass_cataract_4class/IAandAbsaugung/case_5015_IA_0%3A02%3A53.316667-0%3A03%3A38.20000030fps_clip_440.mp4,0
4,/home/itec/sahar/Domain_Adaptation/DA_main/multiclass_cataract_4class/IAandAbsaugung/case_5015_IA_0%3A02%3A53.316667-0%3A03%3A38.20000030fps_clip_441.mp4,0
5,/home/itec/sahar/Domain_Adaptation/DA_main/multiclass_cataract_4class/IAandAbsaugung/case_5015_IA_0%3A02%3A53.316667-0%3A03%3A38.20000030fps_clip_442.mp4,0
6,/home/itec/sahar/Domain_Adaptation/DA_main/multiclass_cataract_4class/IAandAbsaugung/case_5015_IA_0%3A02%3A53.316667-0%3A03%3A38.20000030fps_clip_443.mp4,0
7,/home/itec/sahar/Domain_Adaptation/DA_main/multiclass_cataract_4class/IAandAbsaugung/case_5015_IA_0%3A02%3A53.316667-0%3A03%3A38.20000030fps_clip_444.mp4,0
8,/home/itec/sahar/Domain_Adaptation/DA_main/multiclass_cataract_4class/IAandAbsaugung/case_5015_IA_0%3A02%3A53.316667-0%3A03%3A38.20000030fps_clip_444.mp4,0
9,/home/itec/sahar/Domain_Adaptation/DA_main/multiclass_cataract_4class/IAandAbsaugung/case_5015_IA_0%3A02%3A53.316667-0%3A03%3A38.20000030fps_clip_445.mp4,0
10,/home/itec/sahar/Domain_Adaptation/DA_main/multiclass_cataract_4class/IAandAbsaugung/case_5015_IA_0%3A02%3A53.316667-0%3A03%3A38.20000030fps_clip_445.mp4,0
11,/home/itec/sahar/Domain_Adaptation/DA_main/multiclass_cataract_4class/IAandAbsaugung/case_5015_IA_0%3A02%3A53.316667-0%3A03%3A38.20000030fps_clip_446.mp4,0
12,/home/itec/sahar/Domain_Adaptation/DA_main/multiclass_cataract_4class/IAandAbsaugung/case_5015_IA_0%3A02%3A53.316667-0%3A03%3A38.20000030fps_clip_447.mp4,0
13,/home/itec/sahar/Domain_Adaptation/DA_main/multiclass_cataract_4class/IAandAbsaugung/case_5015_IA_0%3A02%3A53.316667-0%3A03%3A38.20000030fps_clip_447.mp4,0
14,/home/itec/sahar/Domain_Adaptation/DA_main/multiclass_cataract_4class/IAandAbsaugung/case_5015_IA_0%3A02%3A53.316667-0%3A03%3A38.20000030fps_clip_448.mp4,0
15,/home/itec/sahar/Domain_Adaptation/DA_main/multiclass_cataract_4class/IAandAbsaugung/case_5015_IA_0%3A02%3A53.316667-0%3A03%3A38.20000030fps_clip_448.mp4,0
16,/home/itec/sahar/Domain_Adaptation/DA_main/multiclass_cataract_4class/IAandAbsaugung/case_5015_IA_0%3A02%3A53.316667-0%3A03%3A38.20000030fps_clip_449.mp4,0
17,/home/itec/sahar/Domain_Adaptation/DA_main/multiclass_cataract_4class/IAandAbsaugung/case_5015_IA_0%3A02%3A53.316667-0%3A03%3A38.20000030fps_clip_450.mp4,0
18,/home/itec/sahar/Domain_Adaptation/DA_main/multiclass_cataract_4class/IAandAbsaugung/case_5015_IA_0%3A02%3A53.316667-0%3A03%3A38.20000030fps_clip_451.mp4,0
19,/home/itec/sahar/Domain_Adaptation/DA_main/multiclass_cataract_4class/IAandAbsaugung/case_5015_IA_0%3A02%3A53.316667-0%3A03%3A38.20000030fps_clip_451.mp4,0
20,/home/itec/sahar/Domain_Adaptation/DA_main/multiclass_cataract_4class/IAandAbsaugung/case_5015_IA_0%3A02%3A53.316667-0%3A03%3A38.20000030fps_clip_452.mp4,0
21,/home/itec/sahar/Domain_Adaptation/DA_main/multiclass_cataract_4class/IAandAbsaugung/case_5015_IA_0%3A02%3A53.316667-0%3A03%3A38.20000030fps_clip_452.mp4,0
22,/home/itec/sahar/Domain_Adaptation/DA_main/multiclass_cataract_4class/IAandAbsaugung/case_5015_IA_0%3A02%3A53.316667-0%3A03%3A38.20000030fps_clip_453.mp4,0
23,/home/itec/sahar/Domain_Adaptation/DA_main/multiclass_cataract_4class/IAandAbsaugung/case_5015_IA_0%3A02%3A53.316667-0%3A03%3A38.20000030fps_clip_454.mp4,0
24,/home/itec/sahar/Domain_Adaptation/DA_main/multiclass_cataract_4class/IAandAbsaugung/case_5015_IA_0%3A02%3A53.316667-0%3A03%3A38.20000030fps_clip_454.mp4,0
25,/home/itec/sahar/Domain_Adaptation/DA_main/multiclass_cataract_4class/IAandAbsaugung/case_5015_IA_0%3A02%3A53.316667-0%3A03%3A38.20000030fps_clip_455.mp4,0
26,/home/itec/sahar/Domain_Adaptation/DA_main/multiclass_cataract_4class/IAandAbsaugung/case_5015_IA_0%3A02%3A53.316667-0%3A03%3A38.20000030fps_clip_456.mp4,0
27,/home/itec/sahar/Domain_Adaptation/DA_main/multiclass_cataract_4class/IAandAbsaugung/case_5015_IA_0%3A02%3A53.316667-0%3A03%3A38.20000030fps_clip_457.mp4,0
28,/home/itec/sahar/Domain_Adaptation/DA_main/multiclass_cataract_4class/IAandAbsaugung/case_5015_IA_0%3A02%3A53.316667-0%3A03%3A38.20000030fps_clip_457.mp4,0
29,/home/itec/sahar/Domain_Adaptation/DA_main/multiclass_cataract_4class/IAandAbsaugung/case_5015_Visco-Absaugung_0%3A04%3A22.666667-0%3A04%3A40.48333330fps_clip_274.mp4,0
30,/home/itec/sahar/Domain_Adaptation/DA_main/multiclass_cataract_4class/IAandAbsaugung/case_5015_Visco-Absaugung_0%3A04%3A22.666667-0%3A04%3A40.48333330fps_clip_275.mp4,0
31,/home/itec/sahar/Domain_Adaptation/DA_main/multiclass_cataract_4class/IAandAbsaugung/case_5015_Visco-Absaugung_0%3A04%3A22.666667-0%3A04%3A40.48333330fps_clip_275.mp4,0
32,/home/itec/sahar/Domain_Adaptation/DA_main/multiclass_cataract_4class/IAandAbsaugung/case_5015_Visco-Absaugung_0%3A04%3A22.666667-0%3A04%3A40.48333330fps_clip_276.mp4,0
33,/home/itec/sahar/Domain_Adaptation/DA_main/multiclass_cataract_4class/IAandAbsaugung/case_5015_Visco-Absaugung_0%3A04%3A22.666667-0%3A04%3A40.48333330fps_clip_277.mp4,0
34,/home/itec/sahar/Domain_Adaptation/DA_main/multiclass_cataract_4class/IAandAbsaugung/case_5015_Visco-Absaugung_0%3A04%3A22.666667-0%3A04%3A40.48333330fps_clip_278.mp4,0
35,/home/itec/sahar/Domain_Adaptation/DA_main/multiclass_cataract_4class/IAandAbsaugung/case_5015_Visco-Absaugung_0%3A04%3A22.666667-0%3A04%3A40.48333330fps_clip_279.mp4,0
36,/home/itec/sahar/Domain_Adaptation/DA_main/multiclass_cataract_4class/IAandAbsaugung/case_5015_Visco-Absaugung_0%3A04%3A22.666667-0%3A04%3A40.48333330fps_clip_280.mp4,0
37,/home/itec/sahar/Domain_Adaptation/DA_main/multiclass_cataract_4class/IAandAbsaugung/case_5015_Visco-Absaugung_0%3A04%3A22.666667-0%3A04%3A40.48333330fps_clip_281.mp4,0
38,/home/itec/sahar/Domain_Adaptation/DA_main/multiclass_cataract_4class/IAandAbsaugung/case_5015_Visco-Absaugung_0%3A04%3A57-0%3A05%3A10.30000030fps_clip_282.mp4,0
39,/home/itec/sahar/Domain_Adaptation/DA_main/multiclass_cataract_4class/IAandAbsaugung/case_5015_Visco-Absaugung_0%3A04%3A57-0%3A05%3A10.30000030fps_clip_283.mp4,0
40,/home/itec/sahar/Domain_Adaptation/DA_main/multiclass_cataract_4class/IAandAbsaugung/case_5015_Visco-Absaugung_0%3A04%3A57-0%3A05%3A10.30000030fps_clip_283.mp4,0
41,/home/itec/sahar/Domain_Adaptation/DA_main/multiclass_cataract_4class/IAandAbsaugung/case_5015_Visco-Absaugung_0%3A04%3A57-0%3A05%3A10.30000030fps_clip_284.mp4,0
42,/home/itec/sahar/Domain_Adaptation/DA_main/multiclass_cataract_4class/IAandAbsaugung/case_5015_Visco-Absaugung_0%3A04%3A57-0%3A05%3A10.30000030fps_clip_284.mp4,0
43,/home/itec/sahar/Domain_Adaptation/DA_main/multiclass_cataract_4class/IAandAbsaugung/case_5015_Visco-Absaugung_0%3A04%3A57-0%3A05%3A10.30000030fps_clip_285.mp4,0
44,/home/itec/sahar/Domain_Adaptation/DA_main/multiclass_cataract_4class/IAandAbsaugung/case_5015_Visco-Absaugung_0%3A04%3A57-0%3A05%3A10.30000030fps_clip_285.mp4,0
45,/home/itec/sahar/Domain_Adaptation/DA_main/multiclass_cataract_4class/IAandAbsaugung/case_5015_Visco-Absaugung_0%3A04%3A57-0%3A05%3A10.30000030fps_clip_286.mp4,0
46,/home/itec/sahar/Domain_Adaptation/DA_main/multiclass_cataract_4class/IAandAbsaugung/case_5015_Visco-Absaugung_0%3A04%3A57-0%3A05%3A10.30000030fps_clip_286.mp4,0
47,/home/itec/sahar/Domain_Adaptation/DA_main/multiclass_cataract_4class/IAandAbsaugung/case_5058_IA_0%3A03%3A00.116667-0%3A03%3A45.66666730fps_clip_538.mp4,0
48,/home/itec/sahar/Domain_Adaptation/DA_main/multiclass_cataract_4class/IAandAbsaugung/case_5058_IA_0%3A03%3A00.116667-0%3A03%3A45.66666730fps_clip_539.mp4,0
49,/home/itec/sahar/Domain_Adaptation/DA_main/multiclass_cataract_4class/IAandAbsaugung/case_5058_IA_0%3A03%3A00.116667-0%3A03%3A45.66666730fps_clip_539.mp4,0
50,/home/itec/sahar/Domain_Adaptation/DA_main/multiclass_cataract_4class/IAandAbsaugung/case_5058_IA_0%3A03%3A00.116667-0%3A03%3A45.66666730fps_clip_540.mp4,0
51,/home/itec/sahar/Domain_Adaptation/DA_main/multiclass_cataract_4class/IAandAbsaugung/case_5058_IA_0%3A03%3A00.116667-0%3A03%3A45.66666730fps_clip_541.mp4,0
52,/home/itec/sahar/Domain_Adaptation/DA_main/multiclass_cataract_4class/IAandAbsaugung/case_5058_IA_0%3A03%3A00.116667-0%3A03%3A45.66666730fps_clip_542.mp4,0
53,/home/itec/sahar/Domain_Adaptation/DA_main/multiclass_cataract_4class/IAandAbsaugung/case_5058_IA_0%3A03%3A00.116667-0%3A03%3A45.66666730fps_clip_543.mp4,0
54,/home/itec/sahar/Domain_Adaptation/DA_main/multiclass_cataract_4class/IAandAbsaugung/case_5058_IA_0%3A03%3A00.116667-0%3A03%3A45.66666730fps_clip_543.mp4,0
55,/home/itec/sahar/Domain_Adaptation/DA_main/multiclass_cataract_4class/IAandAbsaugung/case_5058_IA_0%3A03%3A00.116667-0%3A03%3A45.66666730fps_clip_544.mp4,0
56,/home/itec/sahar/Domain_Adaptation/DA_main/multiclass_cataract_4class/IAandAbsaugung/case_5058_IA_0%3A03%3A00.116667-0%3A03%3A45.66666730fps_clip_544.mp4,0
57,/home/itec/sahar/Domain_Adaptation/DA_main/multiclass_cataract_4class/IAandAbsaugung/case_5058_IA_0%3A03%3A00.116667-0%3A03%3A45.66666730fps_clip_545.mp4,0
58,/home/itec/sahar/Domain_Adaptation/DA_main/multiclass_cataract_4class/IAandAbsaugung/case_5058_IA_0%3A03%3A00.116667-0%3A03%3A45.66666730fps_clip_545.mp4,0
59,/home/itec/sahar/Domain_Adaptation/DA_main/multiclass_cataract_4class/IAandAbsaugung/case_5058_IA_0%3A03%3A00.116667-0%3A03%3A45.66666730fps_clip_546.mp4,0
60,/home/itec/sahar/Domain_Adaptation/DA_main/multiclass_cataract_4class/IAandAbsaugung/case_5058_IA_0%3A03%3A00.116667-0%3A03%3A45.66666730fps_clip_547.mp4,0
61,/home/itec/sahar/Domain_Adaptation/DA_main/multiclass_cataract_4class/IAandAbsaugung/case_5058_IA_0%3A03%3A00.116667-0%3A03%3A45.66666730fps_clip_548.mp4,0
62,/home/itec/sahar/Domain_Adaptation/DA_main/multiclass_cataract_4class/IAandAbsaugung/case_5058_IA_0%3A03%3A00.116667-0%3A03%3A45.66666730fps_clip_549.mp4,0
63,/home/itec/sahar/Domain_Adaptation/DA_main/multiclass_cataract_4class/IAandAbsaugung/case_5058_IA_0%3A03%3A00.116667-0%3A03%3A45.66666730fps_clip_549.mp4,0
64,/home/itec/sahar/Domain_Adaptation/DA_main/multiclass_cataract_4class/IAandAbsaugung/case_5058_IA_0%3A03%3A00.116667-0%3A03%3A45.66666730fps_clip_550.mp4,0
65,/home/itec/sahar/Domain_Adaptation/DA_main/multiclass_cataract_4class/IAandAbsaugung/case_5058_IA_0%3A03%3A00.116667-0%3A03%3A45.66666730fps_clip_551.mp4,0
66,/home/itec/sahar/Domain_Adaptation/DA_main/multiclass_cataract_4class/IAandAbsaugung/case_5058_IA_0%3A03%3A00.116667-0%3A03%3A45.66666730fps_clip_551.mp4,0
67,/home/itec/sahar/Domain_Adaptation/DA_main/multiclass_cataract_4class/IAandAbsaugung/case_5058_IA_0%3A03%3A00.116667-0%3A03%3A45.66666730fps_clip_552.mp4,0
68,/home/itec/sahar/Domain_Adaptation/DA_main/multiclass_cataract_4class/IAandAbsaugung/case_5058_IA_0%3A03%3A00.116667-0%3A03%3A45.66666730fps_clip_553.mp4,0
69,/home/itec/sahar/Domain_Adaptation/DA_main/multiclass_cataract_4class/IAandAbsaugung/case_5058_IA_0%3A03%3A00.116667-0%3A03%3A45.66666730fps_clip_554.mp4,0
70,/home/itec/sahar/Domain_Adaptation/DA_main/multiclass_cataract_4class/IAandAbsaugung/case_5058_IA_0%3A03%3A00.116667-0%3A03%3A45.66666730fps_clip_555.mp4,0
71,/home/itec/sahar/Domain_Adaptation/DA_main/multiclass_cataract_4class/IAandAbsaugung/case_5058_IA_0%3A03%3A00.116667-0%3A03%3A45.66666730fps_clip_555.mp4,0
72,/home/itec/sahar/Domain_Adaptation/DA_main/multiclass_cataract_4class/IAandAbsaugung/case_5058_IA_0%3A03%3A00.116667-0%3A03%3A45.66666730fps_clip_556.mp4,0
73,/home/itec/sahar/Domain_Adaptation/DA_main/multiclass_cataract_4class/IAandAbsaugung/case_5058_IA_0%3A03%3A00.116667-0%3A03%3A45.66666730fps_clip_557.mp4,0
74,/home/itec/sahar/Domain_Adaptation/DA_main/multiclass_cataract_4class/IAandAbsaugung/case_5058_IA_0%3A03%3A00.116667-0%3A03%3A45.66666730fps_clip_558.mp4,0
75,/home/itec/sahar/Domain_Adaptation/DA_main/multiclass_cataract_4class/IAandAbsaugung/case_5058_IA_0%3A03%3A00.116667-0%3A03%3A45.66666730fps_clip_559.mp4,0
76,/home/itec/sahar/Domain_Adaptation/DA_main/multiclass_cataract_4class/IAandAbsaugung/case_5058_Visco-Absaugung_0%3A04%3A47.800000-0%3A05%3A24.28333330fps_clip_326.mp4,0
77,/home/itec/sahar/Domain_Adaptation/DA_main/multiclass_cataract_4class/IAandAbsaugung/case_5058_Visco-Absaugung_0%3A04%3A47.800000-0%3A05%3A24.28333330fps_clip_326.mp4,0
78,/home/itec/sahar/Domain_Adaptation/DA_main/multiclass_cataract_4class/IAandAbsaugung/case_5058_Visco-Absaugung_0%3A04%3A47.800000-0%3A05%3A24.28333330fps_clip_327.mp4,0
79,/home/itec/sahar/Domain_Adaptation/DA_main/multiclass_cataract_4class/IAandAbsaugung/case_5058_Visco-Absaugung_0%3A04%3A47.800000-0%3A05%3A24.28333330fps_clip_327.mp4,0
80,/home/itec/sahar/Domain_Adaptation/DA_main/multiclass_cataract_4class/IAandAbsaugung/case_5058_Visco-Absaugung_0%3A04%3A47.800000-0%3A05%3A24.28333330fps_clip_328.mp4,0
81,/home/itec/sahar/Domain_Adaptation/DA_main/multiclass_cataract_4class/IAandAbsaugung/case_5058_Visco-Absaugung_0%3A04%3A47.800000-0%3A05%3A24.28333330fps_clip_329.mp4,0
82,/home/itec/sahar/Domain_Adaptation/DA_main/multiclass_cataract_4class/IAandAbsaugung/case_5058_Visco-Absaugung_0%3A04%3A47.800000-0%3A05%3A24.28333330fps_clip_330.mp4,0
83,/home/itec/sahar/Domain_Adaptation/DA_main/multiclass_cataract_4class/IAandAbsaugung/case_5058_Visco-Absaugung_0%3A04%3A47.800000-0%3A05%3A24.28333330fps_clip_331.mp4,0
84,/home/itec/sahar/Domain_Adaptation/DA_main/multiclass_cataract_4class/IAandAbsaugung/case_5058_Visco-Absaugung_0%3A04%3A47.800000-0%3A05%3A24.28333330fps_clip_331.mp4,0
85,/home/itec/sahar/Domain_Adaptation/DA_main/multiclass_cataract_4class/IAandAbsaugung/case_5058_Visco-Absaugung_0%3A04%3A47.800000-0%3A05%3A24.28333330fps_clip_332.mp4,0
86,/home/itec/sahar/Domain_Adaptation/DA_main/multiclass_cataract_4class/IAandAbsaugung/case_5058_Visco-Absaugung_0%3A04%3A47.800000-0%3A05%3A24.28333330fps_clip_332.mp4,0
87,/home/itec/sahar/Domain_Adaptation/DA_main/multiclass_cataract_4class/IAandAbsaugung/case_5058_Visco-Absaugung_0%3A04%3A47.800000-0%3A05%3A24.28333330fps_clip_333.mp4,0
88,/home/itec/sahar/Domain_Adaptation/DA_main/multiclass_cataract_4class/IAandAbsaugung/case_5058_Visco-Absaugung_0%3A04%3A47.800000-0%3A05%3A24.28333330fps_clip_333.mp4,0
89,/home/itec/sahar/Domain_Adaptation/DA_main/multiclass_cataract_4class/IAandAbsaugung/case_5058_Visco-Absaugung_0%3A04%3A47.800000-0%3A05%3A24.28333330fps_clip_334.mp4,0
90,/home/itec/sahar/Domain_Adaptation/DA_main/multiclass_cataract_4class/IAandAbsaugung/case_5058_Visco-Absaugung_0%3A04%3A47.800000-0%3A05%3A24.28333330fps_clip_334.mp4,0
91,/home/itec/sahar/Domain_Adaptation/DA_main/multiclass_cataract_4class/IAandAbsaugung/case_5058_Visco-Absaugung_0%3A04%3A47.800000-0%3A05%3A24.28333330fps_clip_335.mp4,0
92,/home/itec/sahar/Domain_Adaptation/DA_main/multiclass_cataract_4class/IAandAbsaugung/case_5058_Visco-Absaugung_0%3A04%3A47.800000-0%3A05%3A24.28333330fps_clip_335.mp4,0
93,/home/itec/sahar/Domain_Adaptation/DA_main/multiclass_cataract_4class/IAandAbsaugung/case_5058_Visco-Absaugung_0%3A04%3A47.800000-0%3A05%3A24.28333330fps_clip_336.mp4,0
94,/home/itec/sahar/Domain_Adaptation/DA_main/multiclass_cataract_4class/IAandAbsaugung/case_5058_Visco-Absaugung_0%3A04%3A47.800000-0%3A05%3A24.28333330fps_clip_336.mp4,0
95,/home/itec/sahar/Domain_Adaptation/DA_main/multiclass_cataract_4class/IAandAbsaugung/case_5058_Visco-Absaugung_0%3A04%3A47.800000-0%3A05%3A24.28333330fps_clip_337.mp4,0
96,/home/itec/sahar/Domain_Adaptation/DA_main/multiclass_cataract_4class/IAandAbsaugung/case_5058_Visco-Absaugung_0%3A04%3A47.800000-0%3A05%3A24.28333330fps_clip_338.mp4,0
97,/home/itec/sahar/Domain_Adaptation/DA_main/multiclass_cataract_4class/IAandAbsaugung/case_5058_Visco-Absaugung_0%3A04%3A47.800000-0%3A05%3A24.28333330fps_clip_338.mp4,0
98,/home/itec/sahar/Domain_Adaptation/DA_main/multiclass_cataract_4class/IAandAbsaugung/case_5058_Visco-Absaugung_0%3A04%3A47.800000-0%3A05%3A24.28333330fps_clip_339.mp4,0
99,/home/itec/sahar/Domain_Adaptation/DA_main/multiclass_cataract_4class/IAandAbsaugung/case_5058_Visco-Absaugung_0%3A04%3A47.800000-0%3A05%3A24.28333330fps_clip_340.mp4,0
100,/home/itec/sahar/Domain_Adaptation/DA_main/multiclass_cataract_4class/IAandAbsaugung/case_5058_Visco-Absaugung_0%3A04%3A47.800000-0%3A05%3A24.28333330fps_clip_341.mp4,0
101,/home/itec/sahar/Domain_Adaptation/DA_main/multiclass_cataract_4class/IAandAbsaugung/case_5058_Visco-Absaugung_0%3A04%3A47.800000-0%3A05%3A24.28333330fps_clip_342.mp4,0
102,/home/itec/sahar/Domain_Adaptation/DA_main/multiclass_cataract_4class/IAandAbsaugung/case_5058_Visco-Absaugung_0%3A04%3A47.800000-0%3A05%3A24.28333330fps_clip_342.mp4,0
103,/home/itec/sahar/Domain_Adaptation/DA_main/multiclass_cataract_4class/IAandAbsaugung/case_5058_Visco-Absaugung_0%3A05%3A44.850000-0%3A05%3A58.65000030fps_clip_343.mp4,0
104,/home/itec/sahar/Domain_Adaptation/DA_main/multiclass_cataract_4class/IAandAbsaugung/case_5058_Visco-Absaugung_0%3A05%3A44.850000-0%3A05%3A58.65000030fps_clip_344.mp4,0
105,/home/itec/sahar/Domain_Adaptation/DA_main/multiclass_cataract_4class/IAandAbsaugung/case_5058_Visco-Absaugung_0%3A05%3A44.850000-0%3A05%3A58.65000030fps_clip_345.mp4,0
106,/home/itec/sahar/Domain_Adaptation/DA_main/multiclass_cataract_4class/IAandAbsaugung/case_5058_Visco-Absaugung_0%3A05%3A44.850000-0%3A05%3A58.65000030fps_clip_345.mp4,0
107,/home/itec/sahar/Domain_Adaptation/DA_main/multiclass_cataract_4class/IAandAbsaugung/case_5058_Visco-Absaugung_0%3A05%3A44.850000-0%3A05%3A58.65000030fps_clip_346.mp4,0
108,/home/itec/sahar/Domain_Adaptation/DA_main/multiclass_cataract_4class/IAandAbsaugung/case_5058_Visco-Absaugung_0%3A05%3A44.850000-0%3A05%3A58.65000030fps_clip_347.mp4,0
109,/home/itec/sahar/Domain_Adaptation/DA_main/multiclass_cataract_4class/IAandAbsaugung/case_5058_Visco-Absaugung_0%3A05%3A44.850000-0%3A05%3A58.65000030fps_clip_347.mp4,0
110,/home/itec/sahar/Domain_Adaptation/DA_main/multiclass_cataract_4class/IAandAbsaugung/case_5058_Visco-Absaugung_0%3A05%3A44.850000-0%3A05%3A58.65000030fps_clip_348.mp4,0
111,/home/itec/sahar/Domain_Adaptation/DA_main/multiclass_cataract_4class/Linsenimplantation/case_5015_Linsenimplantation_0%3A03%3A58.966667-0%3A04%3A13.48333330fps_clip_117.mp4,1
112,/home/itec/sahar/Domain_Adaptation/DA_main/multiclass_cataract_4class/Linsenimplantation/case_5015_Linsenimplantation_0%3A03%3A58.966667-0%3A04%3A13.48333330fps_clip_117.mp4,1
113,/home/itec/sahar/Domain_Adaptation/DA_main/multiclass_cataract_4class/Linsenimplantation/case_5015_Linsenimplantation_0%3A03%3A58.966667-0%3A04%3A13.48333330fps_clip_117.mp4,1
114,/home/itec/sahar/Domain_Adaptation/DA_main/multiclass_cataract_4class/Linsenimplantation/case_5015_Linsenimplantation_0%3A03%3A58.966667-0%3A04%3A13.48333330fps_clip_117.mp4,1
115,/home/itec/sahar/Domain_Adaptation/DA_main/multiclass_cataract_4class/Linsenimplantation/case_5015_Linsenimplantation_0%3A03%3A58.966667-0%3A04%3A13.48333330fps_clip_117.mp4,1
116,/home/itec/sahar/Domain_Adaptation/DA_main/multiclass_cataract_4class/Linsenimplantation/case_5015_Linsenimplantation_0%3A03%3A58.966667-0%3A04%3A13.48333330fps_clip_117.mp4,1
117,/home/itec/sahar/Domain_Adaptation/DA_main/multiclass_cataract_4class/Linsenimplantation/case_5015_Linsenimplantation_0%3A03%3A58.966667-0%3A04%3A13.48333330fps_clip_117.mp4,1
118,/home/itec/sahar/Domain_Adaptation/DA_main/multiclass_cataract_4class/Linsenimplantation/case_5015_Linsenimplantation_0%3A03%3A58.966667-0%3A04%3A13.48333330fps_clip_117.mp4,1
119,/home/itec/sahar/Domain_Adaptation/DA_main/multiclass_cataract_4class/Linsenimplantation/case_5015_Linsenimplantation_0%3A03%3A58.966667-0%3A04%3A13.48333330fps_clip_117.mp4,1
120,/home/itec/sahar/Domain_Adaptation/DA_main/multiclass_cataract_4class/Linsenimplantation/case_5015_Linsenimplantation_0%3A03%3A58.966667-0%3A04%3A13.48333330fps_clip_118.mp4,1
121,/home/itec/sahar/Domain_Adaptation/DA_main/multiclass_cataract_4class/Linsenimplantation/case_5015_Linsenimplantation_0%3A03%3A58.966667-0%3A04%3A13.48333330fps_clip_118.mp4,1
122,/home/itec/sahar/Domain_Adaptation/DA_main/multiclass_cataract_4class/Linsenimplantation/case_5015_Linsenimplantation_0%3A03%3A58.966667-0%3A04%3A13.48333330fps_clip_118.mp4,1
123,/home/itec/sahar/Domain_Adaptation/DA_main/multiclass_cataract_4class/Linsenimplantation/case_5015_Linsenimplantation_0%3A03%3A58.966667-0%3A04%3A13.48333330fps_clip_118.mp4,1
124,/home/itec/sahar/Domain_Adaptation/DA_main/multiclass_cataract_4class/Linsenimplantation/case_5015_Linsenimplantation_0%3A03%3A58.966667-0%3A04%3A13.48333330fps_clip_118.mp4,1
125,/home/itec/sahar/Domain_Adaptation/DA_main/multiclass_cataract_4class/Linsenimplantation/case_5015_Linsenimplantation_0%3A03%3A58.966667-0%3A04%3A13.48333330fps_clip_118.mp4,1
126,/home/itec/sahar/Domain_Adaptation/DA_main/multiclass_cataract_4class/Linsenimplantation/case_5015_Linsenimplantation_0%3A03%3A58.966667-0%3A04%3A13.48333330fps_clip_118.mp4,1
127,/home/itec/sahar/Domain_Adaptation/DA_main/multiclass_cataract_4class/Linsenimplantation/case_5015_Linsenimplantation_0%3A03%3A58.966667-0%3A04%3A13.48333330fps_clip_118.mp4,1
128,/home/itec/sahar/Domain_Adaptation/DA_main/multiclass_cataract_4class/Linsenimplantation/case_5015_Linsenimplantation_0%3A03%3A58.966667-0%3A04%3A13.48333330fps_clip_118.mp4,1
129,/home/itec/sahar/Domain_Adaptation/DA_main/multiclass_cataract_4class/Linsenimplantation/case_5015_Linsenimplantation_0%3A03%3A58.966667-0%3A04%3A13.48333330fps_clip_119.mp4,1
130,/home/itec/sahar/Domain_Adaptation/DA_main/multiclass_cataract_4class/Linsenimplantation/case_5015_Linsenimplantation_0%3A03%3A58.966667-0%3A04%3A13.48333330fps_clip_119.mp4,1
131,/home/itec/sahar/Domain_Adaptation/DA_main/multiclass_cataract_4class/Linsenimplantation/case_5015_Linsenimplantation_0%3A03%3A58.966667-0%3A04%3A13.48333330fps_clip_119.mp4,1
132,/home/itec/sahar/Domain_Adaptation/DA_main/multiclass_cataract_4class/Linsenimplantation/case_5015_Linsenimplantation_0%3A03%3A58.966667-0%3A04%3A13.48333330fps_clip_119.mp4,1
133,/home/itec/sahar/Domain_Adaptation/DA_main/multiclass_cataract_4class/Linsenimplantation/case_5015_Linsenimplantation_0%3A03%3A58.966667-0%3A04%3A13.48333330fps_clip_119.mp4,1
134,/home/itec/sahar/Domain_Adaptation/DA_main/multiclass_cataract_4class/Linsenimplantation/case_5015_Linsenimplantation_0%3A03%3A58.966667-0%3A04%3A13.48333330fps_clip_119.mp4,1
135,/home/itec/sahar/Domain_Adaptation/DA_main/multiclass_cataract_4class/Linsenimplantation/case_5015_Linsenimplantation_0%3A03%3A58.966667-0%3A04%3A13.48333330fps_clip_119.mp4,1
136,/home/itec/sahar/Domain_Adaptation/DA_main/multiclass_cataract_4class/Linsenimplantation/case_5015_Linsenimplantation_0%3A03%3A58.966667-0%3A04%3A13.48333330fps_clip_119.mp4,1
137,/home/itec/sahar/Domain_Adaptation/DA_main/multiclass_cataract_4class/Linsenimplantation/case_5015_Linsenimplantation_0%3A03%3A58.966667-0%3A04%3A13.48333330fps_clip_119.mp4,1
138,/home/itec/sahar/Domain_Adaptation/DA_main/multiclass_cataract_4class/Linsenimplantation/case_5015_Linsenimplantation_0%3A03%3A58.966667-0%3A04%3A13.48333330fps_clip_120.mp4,1
139,/home/itec/sahar/Domain_Adaptation/DA_main/multiclass_cataract_4class/Linsenimplantation/case_5015_Linsenimplantation_0%3A03%3A58.966667-0%3A04%3A13.48333330fps_clip_120.mp4,1
140,/home/itec/sahar/Domain_Adaptation/DA_main/multiclass_cataract_4class/Linsenimplantation/case_5015_Linsenimplantation_0%3A03%3A58.966667-0%3A04%3A13.48333330fps_clip_120.mp4,1
141,/home/itec/sahar/Domain_Adaptation/DA_main/multiclass_cataract_4class/Linsenimplantation/case_5015_Linsenimplantation_0%3A03%3A58.966667-0%3A04%3A13.48333330fps_clip_120.mp4,1
142,/home/itec/sahar/Domain_Adaptation/DA_main/multiclass_cataract_4class/Linsenimplantation/case_5015_Linsenimplantation_0%3A03%3A58.966667-0%3A04%3A13.48333330fps_clip_120.mp4,1
143,/home/itec/sahar/Domain_Adaptation/DA_main/multiclass_cataract_4class/Linsenimplantation/case_5015_Linsenimplantation_0%3A03%3A58.966667-0%3A04%3A13.48333330fps_clip_120.mp4,1
144,/home/itec/sahar/Domain_Adaptation/DA_main/multiclass_cataract_4class/Linsenimplantation/case_5015_Linsenimplantation_0%3A03%3A58.966667-0%3A04%3A13.48333330fps_clip_120.mp4,1
145,/home/itec/sahar/Domain_Adaptation/DA_main/multiclass_cataract_4class/Linsenimplantation/case_5015_Linsenimplantation_0%3A03%3A58.966667-0%3A04%3A13.48333330fps_clip_120.mp4,1
146,/home/itec/sahar/Domain_Adaptation/DA_main/multiclass_cataract_4class/Linsenimplantation/case_5015_Linsenimplantation_0%3A03%3A58.966667-0%3A04%3A13.48333330fps_clip_121.mp4,1
147,/home/itec/sahar/Domain_Adaptation/DA_main/multiclass_cataract_4class/Linsenimplantation/case_5015_Linsenimplantation_0%3A03%3A58.966667-0%3A04%3A13.48333330fps_clip_121.mp4,1
148,/home/itec/sahar/Domain_Adaptation/DA_main/multiclass_cataract_4class/Linsenimplantation/case_5015_Linsenimplantation_0%3A03%3A58.966667-0%3A04%3A13.48333330fps_clip_121.mp4,1
149,/home/itec/sahar/Domain_Adaptation/DA_main/multiclass_cataract_4class/Linsenimplantation/case_5015_Linsenimplantation_0%3A03%3A58.966667-0%3A04%3A13.48333330fps_clip_121.mp4,1
150,/home/itec/sahar/Domain_Adaptation/DA_main/multiclass_cataract_4class/Linsenimplantation/case_5015_Linsenimplantation_0%3A03%3A58.966667-0%3A04%3A13.48333330fps_clip_121.mp4,1
151,/home/itec/sahar/Domain_Adaptation/DA_main/multiclass_cataract_4class/Linsenimplantation/case_5015_Linsenimplantation_0%3A03%3A58.966667-0%3A04%3A13.48333330fps_clip_121.mp4,1
152,/home/itec/sahar/Domain_Adaptation/DA_main/multiclass_cataract_4class/Linsenimplantation/case_5015_Linsenimplantation_0%3A03%3A58.966667-0%3A04%3A13.48333330fps_clip_121.mp4,1
153,/home/itec/sahar/Domain_Adaptation/DA_main/multiclass_cataract_4class/Linsenimplantation/case_5015_Linsenimplantation_0%3A03%3A58.966667-0%3A04%3A13.48333330fps_clip_121.mp4,1
154,/home/itec/sahar/Domain_Adaptation/DA_main/multiclass_cataract_4class/Linsenimplantation/case_5015_Linsenimplantation_0%3A03%3A58.966667-0%3A04%3A13.48333330fps_clip_122.mp4,1
155,/home/itec/sahar/Domain_Adaptation/DA_main/multiclass_cataract_4class/Linsenimplantation/case_5015_Linsenimplantation_0%3A03%3A58.966667-0%3A04%3A13.48333330fps_clip_122.mp4,1
156,/home/itec/sahar/Domain_Adaptation/DA_main/multiclass_cataract_4class/Linsenimplantation/case_5015_Linsenimplantation_0%3A03%3A58.966667-0%3A04%3A13.48333330fps_clip_122.mp4,1
157,/home/itec/sahar/Domain_Adaptation/DA_main/multiclass_cataract_4class/Linsenimplantation/case_5015_Linsenimplantation_0%3A03%3A58.966667-0%3A04%3A13.48333330fps_clip_122.mp4,1
158,/home/itec/sahar/Domain_Adaptation/DA_main/multiclass_cataract_4class/Linsenimplantation/case_5015_Linsenimplantation_0%3A03%3A58.966667-0%3A04%3A13.48333330fps_clip_122.mp4,1
159,/home/itec/sahar/Domain_Adaptation/DA_main/multiclass_cataract_4class/Linsenimplantation/case_5015_Linsenimplantation_0%3A03%3A58.966667-0%3A04%3A13.48333330fps_clip_122.mp4,1
160,/home/itec/sahar/Domain_Adaptation/DA_main/multiclass_cataract_4class/Linsenimplantation/case_5015_Linsenimplantation_0%3A03%3A58.966667-0%3A04%3A13.48333330fps_clip_122.mp4,1
161,/home/itec/sahar/Domain_Adaptation/DA_main/multiclass_cataract_4class/Linsenimplantation/case_5015_Linsenimplantation_0%3A03%3A58.966667-0%3A04%3A13.48333330fps_clip_122.mp4,1
162,/home/itec/sahar/Domain_Adaptation/DA_main/multiclass_cataract_4class/Linsenimplantation/case_5058_Linsenimplantation_0%3A04%3A19.250000-0%3A04%3A35.15000030fps_clip_149.mp4,1
163,/home/itec/sahar/Domain_Adaptation/DA_main/multiclass_cataract_4class/Linsenimplantation/case_5058_Linsenimplantation_0%3A04%3A19.250000-0%3A04%3A35.15000030fps_clip_149.mp4,1
164,/home/itec/sahar/Domain_Adaptation/DA_main/multiclass_cataract_4class/Linsenimplantation/case_5058_Linsenimplantation_0%3A04%3A19.250000-0%3A04%3A35.15000030fps_clip_149.mp4,1
165,/home/itec/sahar/Domain_Adaptation/DA_main/multiclass_cataract_4class/Linsenimplantation/case_5058_Linsenimplantation_0%3A04%3A19.250000-0%3A04%3A35.15000030fps_clip_149.mp4,1
166,/home/itec/sahar/Domain_Adaptation/DA_main/multiclass_cataract_4class/Linsenimplantation/case_5058_Linsenimplantation_0%3A04%3A19.250000-0%3A04%3A35.15000030fps_clip_149.mp4,1
167,/home/itec/sahar/Domain_Adaptation/DA_main/multiclass_cataract_4class/Linsenimplantation/case_5058_Linsenimplantation_0%3A04%3A19.250000-0%3A04%3A35.15000030fps_clip_149.mp4,1
168,/home/itec/sahar/Domain_Adaptation/DA_main/multiclass_cataract_4class/Linsenimplantation/case_5058_Linsenimplantation_0%3A04%3A19.250000-0%3A04%3A35.15000030fps_clip_149.mp4,1
169,/home/itec/sahar/Domain_Adaptation/DA_main/multiclass_cataract_4class/Linsenimplantation/case_5058_Linsenimplantation_0%3A04%3A19.250000-0%3A04%3A35.15000030fps_clip_149.mp4,1
170,/home/itec/sahar/Domain_Adaptation/DA_main/multiclass_cataract_4class/Linsenimplantation/case_5058_Linsenimplantation_0%3A04%3A19.250000-0%3A04%3A35.15000030fps_clip_149.mp4,1
171,/home/itec/sahar/Domain_Adaptation/DA_main/multiclass_cataract_4class/Linsenimplantation/case_5058_Linsenimplantation_0%3A04%3A19.250000-0%3A04%3A35.15000030fps_clip_150.mp4,1
172,/home/itec/sahar/Domain_Adaptation/DA_main/multiclass_cataract_4class/Linsenimplantation/case_5058_Linsenimplantation_0%3A04%3A19.250000-0%3A04%3A35.15000030fps_clip_150.mp4,1
173,/home/itec/sahar/Domain_Adaptation/DA_main/multiclass_cataract_4class/Linsenimplantation/case_5058_Linsenimplantation_0%3A04%3A19.250000-0%3A04%3A35.15000030fps_clip_150.mp4,1
174,/home/itec/sahar/Domain_Adaptation/DA_main/multiclass_cataract_4class/Linsenimplantation/case_5058_Linsenimplantation_0%3A04%3A19.250000-0%3A04%3A35.15000030fps_clip_150.mp4,1
175,/home/itec/sahar/Domain_Adaptation/DA_main/multiclass_cataract_4class/Linsenimplantation/case_5058_Linsenimplantation_0%3A04%3A19.250000-0%3A04%3A35.15000030fps_clip_150.mp4,1
176,/home/itec/sahar/Domain_Adaptation/DA_main/multiclass_cataract_4class/Linsenimplantation/case_5058_Linsenimplantation_0%3A04%3A19.250000-0%3A04%3A35.15000030fps_clip_150.mp4,1
177,/home/itec/sahar/Domain_Adaptation/DA_main/multiclass_cataract_4class/Linsenimplantation/case_5058_Linsenimplantation_0%3A04%3A19.250000-0%3A04%3A35.15000030fps_clip_150.mp4,1
178,/home/itec/sahar/Domain_Adaptation/DA_main/multiclass_cataract_4class/Linsenimplantation/case_5058_Linsenimplantation_0%3A04%3A19.250000-0%3A04%3A35.15000030fps_clip_150.mp4,1
179,/home/itec/sahar/Domain_Adaptation/DA_main/multiclass_cataract_4class/Linsenimplantation/case_5058_Linsenimplantation_0%3A04%3A19.250000-0%3A04%3A35.15000030fps_clip_151.mp4,1
180,/home/itec/sahar/Domain_Adaptation/DA_main/multiclass_cataract_4class/Linsenimplantation/case_5058_Linsenimplantation_0%3A04%3A19.250000-0%3A04%3A35.15000030fps_clip_151.mp4,1
181,/home/itec/sahar/Domain_Adaptation/DA_main/multiclass_cataract_4class/Linsenimplantation/case_5058_Linsenimplantation_0%3A04%3A19.250000-0%3A04%3A35.15000030fps_clip_151.mp4,1
182,/home/itec/sahar/Domain_Adaptation/DA_main/multiclass_cataract_4class/Linsenimplantation/case_5058_Linsenimplantation_0%3A04%3A19.250000-0%3A04%3A35.15000030fps_clip_151.mp4,1
183,/home/itec/sahar/Domain_Adaptation/DA_main/multiclass_cataract_4class/Linsenimplantation/case_5058_Linsenimplantation_0%3A04%3A19.250000-0%3A04%3A35.15000030fps_clip_151.mp4,1
184,/home/itec/sahar/Domain_Adaptation/DA_main/multiclass_cataract_4class/Linsenimplantation/case_5058_Linsenimplantation_0%3A04%3A19.250000-0%3A04%3A35.15000030fps_clip_151.mp4,1
185,/home/itec/sahar/Domain_Adaptation/DA_main/multiclass_cataract_4class/Linsenimplantation/case_5058_Linsenimplantation_0%3A04%3A19.250000-0%3A04%3A35.15000030fps_clip_151.mp4,1
186,/home/itec/sahar/Domain_Adaptation/DA_main/multiclass_cataract_4class/Linsenimplantation/case_5058_Linsenimplantation_0%3A04%3A19.250000-0%3A04%3A35.15000030fps_clip_151.mp4,1
187,/home/itec/sahar/Domain_Adaptation/DA_main/multiclass_cataract_4class/Linsenimplantation/case_5058_Linsenimplantation_0%3A04%3A19.250000-0%3A04%3A35.15000030fps_clip_152.mp4,1
188,/home/itec/sahar/Domain_Adaptation/DA_main/multiclass_cataract_4class/Linsenimplantation/case_5058_Linsenimplantation_0%3A04%3A19.250000-0%3A04%3A35.15000030fps_clip_152.mp4,1
189,/home/itec/sahar/Domain_Adaptation/DA_main/multiclass_cataract_4class/Linsenimplantation/case_5058_Linsenimplantation_0%3A04%3A19.250000-0%3A04%3A35.15000030fps_clip_152.mp4,1
190,/home/itec/sahar/Domain_Adaptation/DA_main/multiclass_cataract_4class/Linsenimplantation/case_5058_Linsenimplantation_0%3A04%3A19.250000-0%3A04%3A35.15000030fps_clip_152.mp4,1
191,/home/itec/sahar/Domain_Adaptation/DA_main/multiclass_cataract_4class/Linsenimplantation/case_5058_Linsenimplantation_0%3A04%3A19.250000-0%3A04%3A35.15000030fps_clip_152.mp4,1
192,/home/itec/sahar/Domain_Adaptation/DA_main/multiclass_cataract_4class/Linsenimplantation/case_5058_Linsenimplantation_0%3A04%3A19.250000-0%3A04%3A35.15000030fps_clip_152.mp4,1
193,/home/itec/sahar/Domain_Adaptation/DA_main/multiclass_cataract_4class/Linsenimplantation/case_5058_Linsenimplantation_0%3A04%3A19.250000-0%3A04%3A35.15000030fps_clip_152.mp4,1
194,/home/itec/sahar/Domain_Adaptation/DA_main/multiclass_cataract_4class/Linsenimplantation/case_5058_Linsenimplantation_0%3A04%3A19.250000-0%3A04%3A35.15000030fps_clip_152.mp4,1
195,/home/itec/sahar/Domain_Adaptation/DA_main/multiclass_cataract_4class/Linsenimplantation/case_5058_Linsenimplantation_0%3A04%3A19.250000-0%3A04%3A35.15000030fps_clip_152.mp4,1
196,/home/itec/sahar/Domain_Adaptation/DA_main/multiclass_cataract_4class/Linsenimplantation/case_5058_Linsenimplantation_0%3A04%3A19.250000-0%3A04%3A35.15000030fps_clip_153.mp4,1
197,/home/itec/sahar/Domain_Adaptation/DA_main/multiclass_cataract_4class/Linsenimplantation/case_5058_Linsenimplantation_0%3A04%3A19.250000-0%3A04%3A35.15000030fps_clip_153.mp4,1
198,/home/itec/sahar/Domain_Adaptation/DA_main/multiclass_cataract_4class/Linsenimplantation/case_5058_Linsenimplantation_0%3A04%3A19.250000-0%3A04%3A35.15000030fps_clip_153.mp4,1
199,/home/itec/sahar/Domain_Adaptation/DA_main/multiclass_cataract_4class/Linsenimplantation/case_5058_Linsenimplantation_0%3A04%3A19.250000-0%3A04%3A35.15000030fps_clip_153.mp4,1
200,/home/itec/sahar/Domain_Adaptation/DA_main/multiclass_cataract_4class/Linsenimplantation/case_5058_Linsenimplantation_0%3A04%3A19.250000-0%3A04%3A35.15000030fps_clip_153.mp4,1
201,/home/itec/sahar/Domain_Adaptation/DA_main/multiclass_cataract_4class/Linsenimplantation/case_5058_Linsenimplantation_0%3A04%3A19.250000-0%3A04%3A35.15000030fps_clip_153.mp4,1
202,/home/itec/sahar/Domain_Adaptation/DA_main/multiclass_cataract_4class/Linsenimplantation/case_5058_Linsenimplantation_0%3A04%3A19.250000-0%3A04%3A35.15000030fps_clip_153.mp4,1
203,/home/itec/sahar/Domain_Adaptation/DA_main/multiclass_cataract_4class/Linsenimplantation/case_5058_Linsenimplantation_0%3A04%3A19.250000-0%3A04%3A35.15000030fps_clip_153.mp4,1
204,/home/itec/sahar/Domain_Adaptation/DA_main/multiclass_cataract_4class/Linsenimplantation/case_5058_Linsenimplantation_0%3A04%3A19.250000-0%3A04%3A35.15000030fps_clip_153.mp4,1
205,/home/itec/sahar/Domain_Adaptation/DA_main/multiclass_cataract_4class/Linsenimplantation/case_5058_Linsenimplantation_0%3A04%3A19.250000-0%3A04%3A35.15000030fps_clip_154.mp4,1
206,/home/itec/sahar/Domain_Adaptation/DA_main/multiclass_cataract_4class/Linsenimplantation/case_5058_Linsenimplantation_0%3A04%3A19.250000-0%3A04%3A35.15000030fps_clip_154.mp4,1
207,/home/itec/sahar/Domain_Adaptation/DA_main/multiclass_cataract_4class/Linsenimplantation/case_5058_Linsenimplantation_0%3A04%3A19.250000-0%3A04%3A35.15000030fps_clip_154.mp4,1
208,/home/itec/sahar/Domain_Adaptation/DA_main/multiclass_cataract_4class/Linsenimplantation/case_5058_Linsenimplantation_0%3A04%3A19.250000-0%3A04%3A35.15000030fps_clip_154.mp4,1
209,/home/itec/sahar/Domain_Adaptation/DA_main/multiclass_cataract_4class/Linsenimplantation/case_5058_Linsenimplantation_0%3A04%3A19.250000-0%3A04%3A35.15000030fps_clip_154.mp4,1
210,/home/itec/sahar/Domain_Adaptation/DA_main/multiclass_cataract_4class/Linsenimplantation/case_5058_Linsenimplantation_0%3A04%3A19.250000-0%3A04%3A35.15000030fps_clip_154.mp4,1
211,/home/itec/sahar/Domain_Adaptation/DA_main/multiclass_cataract_4class/Linsenimplantation/case_5058_Linsenimplantation_0%3A04%3A19.250000-0%3A04%3A35.15000030fps_clip_154.mp4,1
212,/home/itec/sahar/Domain_Adaptation/DA_main/multiclass_cataract_4class/Linsenimplantation/case_5058_Linsenimplantation_0%3A04%3A19.250000-0%3A04%3A35.15000030fps_clip_154.mp4,1
213,/home/itec/sahar/Domain_Adaptation/DA_main/multiclass_cataract_4class/Linsenimplantation/case_5058_Linsenimplantation_0%3A04%3A19.250000-0%3A04%3A35.15000030fps_clip_155.mp4,1
214,/home/itec/sahar/Domain_Adaptation/DA_main/multiclass_cataract_4class/Linsenimplantation/case_5058_Linsenimplantation_0%3A04%3A19.250000-0%3A04%3A35.15000030fps_clip_155.mp4,1
215,/home/itec/sahar/Domain_Adaptation/DA_main/multiclass_cataract_4class/Linsenimplantation/case_5058_Linsenimplantation_0%3A04%3A19.250000-0%3A04%3A35.15000030fps_clip_155.mp4,1
216,/home/itec/sahar/Domain_Adaptation/DA_main/multiclass_cataract_4class/Linsenimplantation/case_5058_Linsenimplantation_0%3A04%3A19.250000-0%3A04%3A35.15000030fps_clip_155.mp4,1
217,/home/itec/sahar/Domain_Adaptation/DA_main/multiclass_cataract_4class/Linsenimplantation/case_5058_Linsenimplantation_0%3A04%3A19.250000-0%3A04%3A35.15000030fps_clip_155.mp4,1
218,/home/itec/sahar/Domain_Adaptation/DA_main/multiclass_cataract_4class/Linsenimplantation/case_5058_Linsenimplantation_0%3A04%3A19.250000-0%3A04%3A35.15000030fps_clip_155.mp4,1
219,/home/itec/sahar/Domain_Adaptation/DA_main/multiclass_cataract_4class/Linsenimplantation/case_5058_Linsenimplantation_0%3A04%3A19.250000-0%3A04%3A35.15000030fps_clip_155.mp4,1
220,/home/itec/sahar/Domain_Adaptation/DA_main/multiclass_cataract_4class/Linsenimplantation/case_5058_Linsenimplantation_0%3A04%3A19.250000-0%3A04%3A35.15000030fps_clip_155.mp4,1
221,/home/itec/sahar/Domain_Adaptation/DA_main/multiclass_cataract_4class/Linsenimplantation/case_5058_Linsenimplantation_0%3A04%3A19.250000-0%3A04%3A35.15000030fps_clip_155.mp4,1
222,/home/itec/sahar/Domain_Adaptation/DA_main/multiclass_cataract_4class/Phako/case_5015_Phako_0%3A01%3A12.200000-0%3A02%3A45.25000030fps_clip_1131.mp4,2
223,/home/itec/sahar/Domain_Adaptation/DA_main/multiclass_cataract_4class/Phako/case_5015_Phako_0%3A01%3A12.200000-0%3A02%3A45.25000030fps_clip_1132.mp4,2
224,/home/itec/sahar/Domain_Adaptation/DA_main/multiclass_cataract_4class/Phako/case_5015_Phako_0%3A01%3A12.200000-0%3A02%3A45.25000030fps_clip_1133.mp4,2
225,/home/itec/sahar/Domain_Adaptation/DA_main/multiclass_cataract_4class/Phako/case_5015_Phako_0%3A01%3A12.200000-0%3A02%3A45.25000030fps_clip_1134.mp4,2
226,/home/itec/sahar/Domain_Adaptation/DA_main/multiclass_cataract_4class/Phako/case_5015_Phako_0%3A01%3A12.200000-0%3A02%3A45.25000030fps_clip_1134.mp4,2
227,/home/itec/sahar/Domain_Adaptation/DA_main/multiclass_cataract_4class/Phako/case_5015_Phako_0%3A01%3A12.200000-0%3A02%3A45.25000030fps_clip_1135.mp4,2
228,/home/itec/sahar/Domain_Adaptation/DA_main/multiclass_cataract_4class/Phako/case_5015_Phako_0%3A01%3A12.200000-0%3A02%3A45.25000030fps_clip_1135.mp4,2
229,/home/itec/sahar/Domain_Adaptation/DA_main/multiclass_cataract_4class/Phako/case_5015_Phako_0%3A01%3A12.200000-0%3A02%3A45.25000030fps_clip_1136.mp4,2
230,/home/itec/sahar/Domain_Adaptation/DA_main/multiclass_cataract_4class/Phako/case_5015_Phako_0%3A01%3A12.200000-0%3A02%3A45.25000030fps_clip_1137.mp4,2
231,/home/itec/sahar/Domain_Adaptation/DA_main/multiclass_cataract_4class/Phako/case_5015_Phako_0%3A01%3A12.200000-0%3A02%3A45.25000030fps_clip_1138.mp4,2
232,/home/itec/sahar/Domain_Adaptation/DA_main/multiclass_cataract_4class/Phako/case_5015_Phako_0%3A01%3A12.200000-0%3A02%3A45.25000030fps_clip_1138.mp4,2
233,/home/itec/sahar/Domain_Adaptation/DA_main/multiclass_cataract_4class/Phako/case_5015_Phako_0%3A01%3A12.200000-0%3A02%3A45.25000030fps_clip_1139.mp4,2
234,/home/itec/sahar/Domain_Adaptation/DA_main/multiclass_cataract_4class/Phako/case_5015_Phako_0%3A01%3A12.200000-0%3A02%3A45.25000030fps_clip_1140.mp4,2
235,/home/itec/sahar/Domain_Adaptation/DA_main/multiclass_cataract_4class/Phako/case_5015_Phako_0%3A01%3A12.200000-0%3A02%3A45.25000030fps_clip_1141.mp4,2
236,/home/itec/sahar/Domain_Adaptation/DA_main/multiclass_cataract_4class/Phako/case_5015_Phako_0%3A01%3A12.200000-0%3A02%3A45.25000030fps_clip_1142.mp4,2
237,/home/itec/sahar/Domain_Adaptation/DA_main/multiclass_cataract_4class/Phako/case_5015_Phako_0%3A01%3A12.200000-0%3A02%3A45.25000030fps_clip_1143.mp4,2
238,/home/itec/sahar/Domain_Adaptation/DA_main/multiclass_cataract_4class/Phako/case_5015_Phako_0%3A01%3A12.200000-0%3A02%3A45.25000030fps_clip_1144.mp4,2
239,/home/itec/sahar/Domain_Adaptation/DA_main/multiclass_cataract_4class/Phako/case_5015_Phako_0%3A01%3A12.200000-0%3A02%3A45.25000030fps_clip_1144.mp4,2
240,/home/itec/sahar/Domain_Adaptation/DA_main/multiclass_cataract_4class/Phako/case_5015_Phako_0%3A01%3A12.200000-0%3A02%3A45.25000030fps_clip_1145.mp4,2
241,/home/itec/sahar/Domain_Adaptation/DA_main/multiclass_cataract_4class/Phako/case_5015_Phako_0%3A01%3A12.200000-0%3A02%3A45.25000030fps_clip_1145.mp4,2
242,/home/itec/sahar/Domain_Adaptation/DA_main/multiclass_cataract_4class/Phako/case_5015_Phako_0%3A01%3A12.200000-0%3A02%3A45.25000030fps_clip_1146.mp4,2
243,/home/itec/sahar/Domain_Adaptation/DA_main/multiclass_cataract_4class/Phako/case_5015_Phako_0%3A01%3A12.200000-0%3A02%3A45.25000030fps_clip_1147.mp4,2
244,/home/itec/sahar/Domain_Adaptation/DA_main/multiclass_cataract_4class/Phako/case_5015_Phako_0%3A01%3A12.200000-0%3A02%3A45.25000030fps_clip_1148.mp4,2
245,/home/itec/sahar/Domain_Adaptation/DA_main/multiclass_cataract_4class/Phako/case_5015_Phako_0%3A01%3A12.200000-0%3A02%3A45.25000030fps_clip_1149.mp4,2
246,/home/itec/sahar/Domain_Adaptation/DA_main/multiclass_cataract_4class/Phako/case_5015_Phako_0%3A01%3A12.200000-0%3A02%3A45.25000030fps_clip_1150.mp4,2
247,/home/itec/sahar/Domain_Adaptation/DA_main/multiclass_cataract_4class/Phako/case_5015_Phako_0%3A01%3A12.200000-0%3A02%3A45.25000030fps_clip_1150.mp4,2
248,/home/itec/sahar/Domain_Adaptation/DA_main/multiclass_cataract_4class/Phako/case_5015_Phako_0%3A01%3A12.200000-0%3A02%3A45.25000030fps_clip_1151.mp4,2
249,/home/itec/sahar/Domain_Adaptation/DA_main/multiclass_cataract_4class/Phako/case_5015_Phako_0%3A01%3A12.200000-0%3A02%3A45.25000030fps_clip_1152.mp4,2
250,/home/itec/sahar/Domain_Adaptation/DA_main/multiclass_cataract_4class/Phako/case_5015_Phako_0%3A01%3A12.200000-0%3A02%3A45.25000030fps_clip_1153.mp4,2
251,/home/itec/sahar/Domain_Adaptation/DA_main/multiclass_cataract_4class/Phako/case_5015_Phako_0%3A01%3A12.200000-0%3A02%3A45.25000030fps_clip_1154.mp4,2
252,/home/itec/sahar/Domain_Adaptation/DA_main/multiclass_cataract_4class/Phako/case_5015_Phako_0%3A01%3A12.200000-0%3A02%3A45.25000030fps_clip_1154.mp4,2
253,/home/itec/sahar/Domain_Adaptation/DA_main/multiclass_cataract_4class/Phako/case_5015_Phako_0%3A01%3A12.200000-0%3A02%3A45.25000030fps_clip_1155.mp4,2
254,/home/itec/sahar/Domain_Adaptation/DA_main/multiclass_cataract_4class/Phako/case_5015_Phako_0%3A01%3A12.200000-0%3A02%3A45.25000030fps_clip_1156.mp4,2
255,/home/itec/sahar/Domain_Adaptation/DA_main/multiclass_cataract_4class/Phako/case_5015_Phako_0%3A01%3A12.200000-0%3A02%3A45.25000030fps_clip_1156.mp4,2
256,/home/itec/sahar/Domain_Adaptation/DA_main/multiclass_cataract_4class/Phako/case_5015_Phako_0%3A01%3A12.200000-0%3A02%3A45.25000030fps_clip_1157.mp4,2
257,/home/itec/sahar/Domain_Adaptation/DA_main/multiclass_cataract_4class/Phako/case_5015_Phako_0%3A01%3A12.200000-0%3A02%3A45.25000030fps_clip_1158.mp4,2
258,/home/itec/sahar/Domain_Adaptation/DA_main/multiclass_cataract_4class/Phako/case_5015_Phako_0%3A01%3A12.200000-0%3A02%3A45.25000030fps_clip_1158.mp4,2
259,/home/itec/sahar/Domain_Adaptation/DA_main/multiclass_cataract_4class/Phako/case_5015_Phako_0%3A01%3A12.200000-0%3A02%3A45.25000030fps_clip_1159.mp4,2
260,/home/itec/sahar/Domain_Adaptation/DA_main/multiclass_cataract_4class/Phako/case_5015_Phako_0%3A01%3A12.200000-0%3A02%3A45.25000030fps_clip_1159.mp4,2
261,/home/itec/sahar/Domain_Adaptation/DA_main/multiclass_cataract_4class/Phako/case_5015_Phako_0%3A01%3A12.200000-0%3A02%3A45.25000030fps_clip_1160.mp4,2
262,/home/itec/sahar/Domain_Adaptation/DA_main/multiclass_cataract_4class/Phako/case_5015_Phako_0%3A01%3A12.200000-0%3A02%3A45.25000030fps_clip_1161.mp4,2
263,/home/itec/sahar/Domain_Adaptation/DA_main/multiclass_cataract_4class/Phako/case_5015_Phako_0%3A01%3A12.200000-0%3A02%3A45.25000030fps_clip_1162.mp4,2
264,/home/itec/sahar/Domain_Adaptation/DA_main/multiclass_cataract_4class/Phako/case_5015_Phako_0%3A01%3A12.200000-0%3A02%3A45.25000030fps_clip_1163.mp4,2
265,/home/itec/sahar/Domain_Adaptation/DA_main/multiclass_cataract_4class/Phako/case_5015_Phako_0%3A01%3A12.200000-0%3A02%3A45.25000030fps_clip_1163.mp4,2
266,/home/itec/sahar/Domain_Adaptation/DA_main/multiclass_cataract_4class/Phako/case_5015_Phako_0%3A01%3A12.200000-0%3A02%3A45.25000030fps_clip_1164.mp4,2
267,/home/itec/sahar/Domain_Adaptation/DA_main/multiclass_cataract_4class/Phako/case_5015_Phako_0%3A01%3A12.200000-0%3A02%3A45.25000030fps_clip_1164.mp4,2
268,/home/itec/sahar/Domain_Adaptation/DA_main/multiclass_cataract_4class/Phako/case_5015_Phako_0%3A01%3A12.200000-0%3A02%3A45.25000030fps_clip_1165.mp4,2
269,/home/itec/sahar/Domain_Adaptation/DA_main/multiclass_cataract_4class/Phako/case_5015_Phako_0%3A01%3A12.200000-0%3A02%3A45.25000030fps_clip_1166.mp4,2
270,/home/itec/sahar/Domain_Adaptation/DA_main/multiclass_cataract_4class/Phako/case_5015_Phako_0%3A01%3A12.200000-0%3A02%3A45.25000030fps_clip_1167.mp4,2
271,/home/itec/sahar/Domain_Adaptation/DA_main/multiclass_cataract_4class/Phako/case_5015_Phako_0%3A01%3A12.200000-0%3A02%3A45.25000030fps_clip_1168.mp4,2
272,/home/itec/sahar/Domain_Adaptation/DA_main/multiclass_cataract_4class/Phako/case_5015_Phako_0%3A01%3A12.200000-0%3A02%3A45.25000030fps_clip_1168.mp4,2
273,/home/itec/sahar/Domain_Adaptation/DA_main/multiclass_cataract_4class/Phako/case_5015_Phako_0%3A01%3A12.200000-0%3A02%3A45.25000030fps_clip_1169.mp4,2
274,/home/itec/sahar/Domain_Adaptation/DA_main/multiclass_cataract_4class/Phako/case_5015_Phako_0%3A01%3A12.200000-0%3A02%3A45.25000030fps_clip_1170.mp4,2
275,/home/itec/sahar/Domain_Adaptation/DA_main/multiclass_cataract_4class/Phako/case_5015_Phako_0%3A01%3A12.200000-0%3A02%3A45.25000030fps_clip_1170.mp4,2
276,/home/itec/sahar/Domain_Adaptation/DA_main/multiclass_cataract_4class/Phako/case_5015_Phako_0%3A01%3A12.200000-0%3A02%3A45.25000030fps_clip_1171.mp4,2
277,/home/itec/sahar/Domain_Adaptation/DA_main/multiclass_cataract_4class/Phako/case_5015_Phako_0%3A01%3A12.200000-0%3A02%3A45.25000030fps_clip_1172.mp4,2
278,/home/itec/sahar/Domain_Adaptation/DA_main/multiclass_cataract_4class/Phako/case_5015_Phako_0%3A01%3A12.200000-0%3A02%3A45.25000030fps_clip_1173.mp4,2
279,/home/itec/sahar/Domain_Adaptation/DA_main/multiclass_cataract_4class/Phako/case_5015_Phako_0%3A01%3A12.200000-0%3A02%3A45.25000030fps_clip_1174.mp4,2
280,/home/itec/sahar/Domain_Adaptation/DA_main/multiclass_cataract_4class/Phako/case_5015_Phako_0%3A01%3A12.200000-0%3A02%3A45.25000030fps_clip_1175.mp4,2
281,/home/itec/sahar/Domain_Adaptation/DA_main/multiclass_cataract_4class/Phako/case_5015_Phako_0%3A01%3A12.200000-0%3A02%3A45.25000030fps_clip_1176.mp4,2
282,/home/itec/sahar/Domain_Adaptation/DA_main/multiclass_cataract_4class/Phako/case_5058_Phako_0%3A01%3A24.800000-0%3A02%3A48.98333330fps_clip_1332.mp4,2
283,/home/itec/sahar/Domain_Adaptation/DA_main/multiclass_cataract_4class/Phako/case_5058_Phako_0%3A01%3A24.800000-0%3A02%3A48.98333330fps_clip_1333.mp4,2
284,/home/itec/sahar/Domain_Adaptation/DA_main/multiclass_cataract_4class/Phako/case_5058_Phako_0%3A01%3A24.800000-0%3A02%3A48.98333330fps_clip_1334.mp4,2
285,/home/itec/sahar/Domain_Adaptation/DA_main/multiclass_cataract_4class/Phako/case_5058_Phako_0%3A01%3A24.800000-0%3A02%3A48.98333330fps_clip_1334.mp4,2
286,/home/itec/sahar/Domain_Adaptation/DA_main/multiclass_cataract_4class/Phako/case_5058_Phako_0%3A01%3A24.800000-0%3A02%3A48.98333330fps_clip_1335.mp4,2
287,/home/itec/sahar/Domain_Adaptation/DA_main/multiclass_cataract_4class/Phako/case_5058_Phako_0%3A01%3A24.800000-0%3A02%3A48.98333330fps_clip_1335.mp4,2
288,/home/itec/sahar/Domain_Adaptation/DA_main/multiclass_cataract_4class/Phako/case_5058_Phako_0%3A01%3A24.800000-0%3A02%3A48.98333330fps_clip_1336.mp4,2
289,/home/itec/sahar/Domain_Adaptation/DA_main/multiclass_cataract_4class/Phako/case_5058_Phako_0%3A01%3A24.800000-0%3A02%3A48.98333330fps_clip_1337.mp4,2
290,/home/itec/sahar/Domain_Adaptation/DA_main/multiclass_cataract_4class/Phako/case_5058_Phako_0%3A01%3A24.800000-0%3A02%3A48.98333330fps_clip_1338.mp4,2
291,/home/itec/sahar/Domain_Adaptation/DA_main/multiclass_cataract_4class/Phako/case_5058_Phako_0%3A01%3A24.800000-0%3A02%3A48.98333330fps_clip_1339.mp4,2
292,/home/itec/sahar/Domain_Adaptation/DA_main/multiclass_cataract_4class/Phako/case_5058_Phako_0%3A01%3A24.800000-0%3A02%3A48.98333330fps_clip_1340.mp4,2
293,/home/itec/sahar/Domain_Adaptation/DA_main/multiclass_cataract_4class/Phako/case_5058_Phako_0%3A01%3A24.800000-0%3A02%3A48.98333330fps_clip_1340.mp4,2
294,/home/itec/sahar/Domain_Adaptation/DA_main/multiclass_cataract_4class/Phako/case_5058_Phako_0%3A01%3A24.800000-0%3A02%3A48.98333330fps_clip_1341.mp4,2
295,/home/itec/sahar/Domain_Adaptation/DA_main/multiclass_cataract_4class/Phako/case_5058_Phako_0%3A01%3A24.800000-0%3A02%3A48.98333330fps_clip_1341.mp4,2
296,/home/itec/sahar/Domain_Adaptation/DA_main/multiclass_cataract_4class/Phako/case_5058_Phako_0%3A01%3A24.800000-0%3A02%3A48.98333330fps_clip_1342.mp4,2
297,/home/itec/sahar/Domain_Adaptation/DA_main/multiclass_cataract_4class/Phako/case_5058_Phako_0%3A01%3A24.800000-0%3A02%3A48.98333330fps_clip_1343.mp4,2
298,/home/itec/sahar/Domain_Adaptation/DA_main/multiclass_cataract_4class/Phako/case_5058_Phako_0%3A01%3A24.800000-0%3A02%3A48.98333330fps_clip_1344.mp4,2
299,/home/itec/sahar/Domain_Adaptation/DA_main/multiclass_cataract_4class/Phako/case_5058_Phako_0%3A01%3A24.800000-0%3A02%3A48.98333330fps_clip_1345.mp4,2
300,/home/itec/sahar/Domain_Adaptation/DA_main/multiclass_cataract_4class/Phako/case_5058_Phako_0%3A01%3A24.800000-0%3A02%3A48.98333330fps_clip_1346.mp4,2
301,/home/itec/sahar/Domain_Adaptation/DA_main/multiclass_cataract_4class/Phako/case_5058_Phako_0%3A01%3A24.800000-0%3A02%3A48.98333330fps_clip_1347.mp4,2
302,/home/itec/sahar/Domain_Adaptation/DA_main/multiclass_cataract_4class/Phako/case_5058_Phako_0%3A01%3A24.800000-0%3A02%3A48.98333330fps_clip_1348.mp4,2
303,/home/itec/sahar/Domain_Adaptation/DA_main/multiclass_cataract_4class/Phako/case_5058_Phako_0%3A01%3A24.800000-0%3A02%3A48.98333330fps_clip_1349.mp4,2
304,/home/itec/sahar/Domain_Adaptation/DA_main/multiclass_cataract_4class/Phako/case_5058_Phako_0%3A01%3A24.800000-0%3A02%3A48.98333330fps_clip_1350.mp4,2
305,/home/itec/sahar/Domain_Adaptation/DA_main/multiclass_cataract_4class/Phako/case_5058_Phako_0%3A01%3A24.800000-0%3A02%3A48.98333330fps_clip_1350.mp4,2
306,/home/itec/sahar/Domain_Adaptation/DA_main/multiclass_cataract_4class/Phako/case_5058_Phako_0%3A01%3A24.800000-0%3A02%3A48.98333330fps_clip_1351.mp4,2
307,/home/itec/sahar/Domain_Adaptation/DA_main/multiclass_cataract_4class/Phako/case_5058_Phako_0%3A01%3A24.800000-0%3A02%3A48.98333330fps_clip_1352.mp4,2
308,/home/itec/sahar/Domain_Adaptation/DA_main/multiclass_cataract_4class/Phako/case_5058_Phako_0%3A01%3A24.800000-0%3A02%3A48.98333330fps_clip_1352.mp4,2
309,/home/itec/sahar/Domain_Adaptation/DA_main/multiclass_cataract_4class/Phako/case_5058_Phako_0%3A01%3A24.800000-0%3A02%3A48.98333330fps_clip_1353.mp4,2
310,/home/itec/sahar/Domain_Adaptation/DA_main/multiclass_cataract_4class/Phako/case_5058_Phako_0%3A01%3A24.800000-0%3A02%3A48.98333330fps_clip_1354.mp4,2
311,/home/itec/sahar/Domain_Adaptation/DA_main/multiclass_cataract_4class/Phako/case_5058_Phako_0%3A01%3A24.800000-0%3A02%3A48.98333330fps_clip_1355.mp4,2
312,/home/itec/sahar/Domain_Adaptation/DA_main/multiclass_cataract_4class/Phako/case_5058_Phako_0%3A01%3A24.800000-0%3A02%3A48.98333330fps_clip_1356.mp4,2
313,/home/itec/sahar/Domain_Adaptation/DA_main/multiclass_cataract_4class/Phako/case_5058_Phako_0%3A01%3A24.800000-0%3A02%3A48.98333330fps_clip_1356.mp4,2
314,/home/itec/sahar/Domain_Adaptation/DA_main/multiclass_cataract_4class/Phako/case_5058_Phako_0%3A01%3A24.800000-0%3A02%3A48.98333330fps_clip_1357.mp4,2
315,/home/itec/sahar/Domain_Adaptation/DA_main/multiclass_cataract_4class/Phako/case_5058_Phako_0%3A01%3A24.800000-0%3A02%3A48.98333330fps_clip_1358.mp4,2
316,/home/itec/sahar/Domain_Adaptation/DA_main/multiclass_cataract_4class/Phako/case_5058_Phako_0%3A01%3A24.800000-0%3A02%3A48.98333330fps_clip_1359.mp4,2
317,/home/itec/sahar/Domain_Adaptation/DA_main/multiclass_cataract_4class/Phako/case_5058_Phako_0%3A01%3A24.800000-0%3A02%3A48.98333330fps_clip_1360.mp4,2
318,/home/itec/sahar/Domain_Adaptation/DA_main/multiclass_cataract_4class/Phako/case_5058_Phako_0%3A01%3A24.800000-0%3A02%3A48.98333330fps_clip_1360.mp4,2
319,/home/itec/sahar/Domain_Adaptation/DA_main/multiclass_cataract_4class/Phako/case_5058_Phako_0%3A01%3A24.800000-0%3A02%3A48.98333330fps_clip_1361.mp4,2
320,/home/itec/sahar/Domain_Adaptation/DA_main/multiclass_cataract_4class/Phako/case_5058_Phako_0%3A01%3A24.800000-0%3A02%3A48.98333330fps_clip_1362.mp4,2
321,/home/itec/sahar/Domain_Adaptation/DA_main/multiclass_cataract_4class/Phako/case_5058_Phako_0%3A01%3A24.800000-0%3A02%3A48.98333330fps_clip_1363.mp4,2
322,/home/itec/sahar/Domain_Adaptation/DA_main/multiclass_cataract_4class/Phako/case_5058_Phako_0%3A01%3A24.800000-0%3A02%3A48.98333330fps_clip_1363.mp4,2
323,/home/itec/sahar/Domain_Adaptation/DA_main/multiclass_cataract_4class/Phako/case_5058_Phako_0%3A01%3A24.800000-0%3A02%3A48.98333330fps_clip_1364.mp4,2
324,/home/itec/sahar/Domain_Adaptation/DA_main/multiclass_cataract_4class/Phako/case_5058_Phako_0%3A01%3A24.800000-0%3A02%3A48.98333330fps_clip_1365.mp4,2
325,/home/itec/sahar/Domain_Adaptation/DA_main/multiclass_cataract_4class/Phako/case_5058_Phako_0%3A01%3A24.800000-0%3A02%3A48.98333330fps_clip_1366.mp4,2
326,/home/itec/sahar/Domain_Adaptation/DA_main/multiclass_cataract_4class/Phako/case_5058_Phako_0%3A01%3A24.800000-0%3A02%3A48.98333330fps_clip_1367.mp4,2
327,/home/itec/sahar/Domain_Adaptation/DA_main/multiclass_cataract_4class/Phako/case_5058_Phako_0%3A01%3A24.800000-0%3A02%3A48.98333330fps_clip_1368.mp4,2
328,/home/itec/sahar/Domain_Adaptation/DA_main/multiclass_cataract_4class/Phako/case_5058_Phako_0%3A01%3A24.800000-0%3A02%3A48.98333330fps_clip_1369.mp4,2
329,/home/itec/sahar/Domain_Adaptation/DA_main/multiclass_cataract_4class/Phako/case_5058_Phako_0%3A01%3A24.800000-0%3A02%3A48.98333330fps_clip_1370.mp4,2
330,/home/itec/sahar/Domain_Adaptation/DA_main/multiclass_cataract_4class/Phako/case_5058_Phako_0%3A01%3A24.800000-0%3A02%3A48.98333330fps_clip_1371.mp4,2
331,/home/itec/sahar/Domain_Adaptation/DA_main/multiclass_cataract_4class/Phako/case_5058_Phako_0%3A01%3A24.800000-0%3A02%3A48.98333330fps_clip_1372.mp4,2
332,/home/itec/sahar/Domain_Adaptation/DA_main/multiclass_cataract_4class/Phako/case_5058_Phako_0%3A01%3A24.800000-0%3A02%3A48.98333330fps_clip_1372.mp4,2
333,/home/itec/sahar/Domain_Adaptation/DA_main/multiclass_cataract_4class/Rest/case_5015_Hydrodissektion_0%3A00%3A54.866667-0%3A01%3A07.48333330fps_clip_223.mp4,3
334,/home/itec/sahar/Domain_Adaptation/DA_main/multiclass_cataract_4class/Rest/case_5015_Hydrodissektion_0%3A00%3A54.866667-0%3A01%3A07.48333330fps_clip_224.mp4,3
335,/home/itec/sahar/Domain_Adaptation/DA_main/multiclass_cataract_4class/Rest/case_5015_Hydrodissektion_0%3A00%3A54.866667-0%3A01%3A07.48333330fps_clip_225.mp4,3
336,/home/itec/sahar/Domain_Adaptation/DA_main/multiclass_cataract_4class/Rest/case_5015_Hydrodissektion_0%3A00%3A54.866667-0%3A01%3A07.48333330fps_clip_226.mp4,3
337,/home/itec/sahar/Domain_Adaptation/DA_main/multiclass_cataract_4class/Rest/case_5015_Hydrodissektion_0%3A00%3A54.866667-0%3A01%3A07.48333330fps_clip_227.mp4,3
338,/home/itec/sahar/Domain_Adaptation/DA_main/multiclass_cataract_4class/Rest/case_5015_Incision_0%3A00%3A01.800000-0%3A00%3A05.73333330fps_clip_41.mp4,3
339,/home/itec/sahar/Domain_Adaptation/DA_main/multiclass_cataract_4class/Rest/case_5015_Incision_0%3A00%3A09.100000-0%3A00%3A12.50000030fps_clip_42.mp4,3
340,/home/itec/sahar/Domain_Adaptation/DA_main/multiclass_cataract_4class/Rest/case_5015_Kapselpolishing_0%3A03%3A41.900000-0%3A03%3A50.23333330fps_clip_79.mp4,3
341,/home/itec/sahar/Domain_Adaptation/DA_main/multiclass_cataract_4class/Rest/case_5015_Kapselpolishing_0%3A03%3A41.900000-0%3A03%3A50.23333330fps_clip_80.mp4,3
342,/home/itec/sahar/Domain_Adaptation/DA_main/multiclass_cataract_4class/Rest/case_5015_Kapselpolishing_0%3A03%3A41.900000-0%3A03%3A50.23333330fps_clip_81.mp4,3
343,/home/itec/sahar/Domain_Adaptation/DA_main/multiclass_cataract_4class/Rest/case_5015_Linsenpositionierung_0%3A04%3A14.900000-0%3A04%3A21.13333330fps_clip_87.mp4,3
344,/home/itec/sahar/Domain_Adaptation/DA_main/multiclass_cataract_4class/Rest/case_5015_Linsenpositionierung_0%3A04%3A14.900000-0%3A04%3A21.13333330fps_clip_88.mp4,3
345,/home/itec/sahar/Domain_Adaptation/DA_main/multiclass_cataract_4class/Rest/case_5015_Rhexis_0%3A00%3A24.183333-0%3A00%3A52.73333330fps_clip_256.mp4,3
346,/home/itec/sahar/Domain_Adaptation/DA_main/multiclass_cataract_4class/Rest/case_5015_Rhexis_0%3A00%3A24.183333-0%3A00%3A52.73333330fps_clip_257.mp4,3
347,/home/itec/sahar/Domain_Adaptation/DA_main/multiclass_cataract_4class/Rest/case_5015_Rhexis_0%3A00%3A24.183333-0%3A00%3A52.73333330fps_clip_258.mp4,3
348,/home/itec/sahar/Domain_Adaptation/DA_main/multiclass_cataract_4class/Rest/case_5015_Rhexis_0%3A00%3A24.183333-0%3A00%3A52.73333330fps_clip_259.mp4,3
349,/home/itec/sahar/Domain_Adaptation/DA_main/multiclass_cataract_4class/Rest/case_5015_Rhexis_0%3A00%3A24.183333-0%3A00%3A52.73333330fps_clip_260.mp4,3
350,/home/itec/sahar/Domain_Adaptation/DA_main/multiclass_cataract_4class/Rest/case_5015_Rhexis_0%3A00%3A24.183333-0%3A00%3A52.73333330fps_clip_261.mp4,3
351,/home/itec/sahar/Domain_Adaptation/DA_main/multiclass_cataract_4class/Rest/case_5015_Rhexis_0%3A00%3A24.183333-0%3A00%3A52.73333330fps_clip_262.mp4,3
352,/home/itec/sahar/Domain_Adaptation/DA_main/multiclass_cataract_4class/Rest/case_5015_Rhexis_0%3A00%3A24.183333-0%3A00%3A52.73333330fps_clip_263.mp4,3
353,/home/itec/sahar/Domain_Adaptation/DA_main/multiclass_cataract_4class/Rest/case_5015_Rhexis_0%3A00%3A24.183333-0%3A00%3A52.73333330fps_clip_264.mp4,3
354,/home/itec/sahar/Domain_Adaptation/DA_main/multiclass_cataract_4class/Rest/case_5015_Rhexis_0%3A00%3A24.183333-0%3A00%3A52.73333330fps_clip_265.mp4,3
355,/home/itec/sahar/Domain_Adaptation/DA_main/multiclass_cataract_4class/Rest/case_5015_Rhexis_0%3A00%3A24.183333-0%3A00%3A52.73333330fps_clip_266.mp4,3
356,/home/itec/sahar/Domain_Adaptation/DA_main/multiclass_cataract_4class/Rest/case_5015_Rhexis_0%3A00%3A24.183333-0%3A00%3A52.73333330fps_clip_267.mp4,3
357,/home/itec/sahar/Domain_Adaptation/DA_main/multiclass_cataract_4class/Rest/case_5015_Rhexis_0%3A00%3A24.183333-0%3A00%3A52.73333330fps_clip_268.mp4,3
358,/home/itec/sahar/Domain_Adaptation/DA_main/multiclass_cataract_4class/Rest/case_5015_TonifyingandAntibiotics_0%3A05%3A12.300000-0%3A05%3A26.23333330fps_clip_123.mp4,3
359,/home/itec/sahar/Domain_Adaptation/DA_main/multiclass_cataract_4class/Rest/case_5015_TonifyingandAntibiotics_0%3A05%3A12.300000-0%3A05%3A26.23333330fps_clip_124.mp4,3
360,/home/itec/sahar/Domain_Adaptation/DA_main/multiclass_cataract_4class/Rest/case_5015_TonifyingandAntibiotics_0%3A05%3A12.300000-0%3A05%3A26.23333330fps_clip_125.mp4,3
361,/home/itec/sahar/Domain_Adaptation/DA_main/multiclass_cataract_4class/Rest/case_5015_TonifyingandAntibiotics_0%3A05%3A12.300000-0%3A05%3A26.23333330fps_clip_126.mp4,3
362,/home/itec/sahar/Domain_Adaptation/DA_main/multiclass_cataract_4class/Rest/case_5015_TonifyingandAntibiotics_0%3A05%3A12.300000-0%3A05%3A26.23333330fps_clip_127.mp4,3
363,/home/itec/sahar/Domain_Adaptation/DA_main/multiclass_cataract_4class/Rest/case_5015_TonifyingandAntibiotics_0%3A05%3A12.300000-0%3A05%3A26.23333330fps_clip_128.mp4,3
364,/home/itec/sahar/Domain_Adaptation/DA_main/multiclass_cataract_4class/Rest/case_5015_TonifyingandAntibiotics_0%3A05%3A28.500000-0%3A05%3A32.25000030fps_clip_129.mp4,3
365,/home/itec/sahar/Domain_Adaptation/DA_main/multiclass_cataract_4class/Rest/case_5015_VK-Splung_0%3A04%3A43.350000-0%3A04%3A55.83333330fps_clip_74.mp4,3
366,/home/itec/sahar/Domain_Adaptation/DA_main/multiclass_cataract_4class/Rest/case_5015_VK-Splung_0%3A04%3A43.350000-0%3A04%3A55.83333330fps_clip_75.mp4,3
367,/home/itec/sahar/Domain_Adaptation/DA_main/multiclass_cataract_4class/Rest/case_5015_VK-Splung_0%3A04%3A43.350000-0%3A04%3A55.83333330fps_clip_76.mp4,3
368,/home/itec/sahar/Domain_Adaptation/DA_main/multiclass_cataract_4class/Rest/case_5015_VK-Splung_0%3A04%3A43.350000-0%3A04%3A55.83333330fps_clip_77.mp4,3
369,/home/itec/sahar/Domain_Adaptation/DA_main/multiclass_cataract_4class/Rest/case_5015_VK-Splung_0%3A04%3A43.350000-0%3A04%3A55.83333330fps_clip_78.mp4,3
370,/home/itec/sahar/Domain_Adaptation/DA_main/multiclass_cataract_4class/Rest/case_5015_Viscoelasticum_0%3A00%3A15.366667-0%3A00%3A21.80000030fps_clip_70.mp4,3
371,/home/itec/sahar/Domain_Adaptation/DA_main/multiclass_cataract_4class/Rest/case_5015_Viscoelasticum_0%3A00%3A15.366667-0%3A00%3A21.80000030fps_clip_71.mp4,3
372,/home/itec/sahar/Domain_Adaptation/DA_main/multiclass_cataract_4class/Rest/case_5015_Viscoelasticum_0%3A03%3A51.950000-0%3A03%3A57.18333330fps_clip_72.mp4,3
373,/home/itec/sahar/Domain_Adaptation/DA_main/multiclass_cataract_4class/Rest/case_5015_Viscoelasticum_0%3A03%3A51.950000-0%3A03%3A57.18333330fps_clip_73.mp4,3
374,/home/itec/sahar/Domain_Adaptation/DA_main/multiclass_cataract_4class/Rest/case_5015_idle_0%3A00%3A05.733333-0%3A00%3A09.10000030fps_clip_186.mp4,3
375,/home/itec/sahar/Domain_Adaptation/DA_main/multiclass_cataract_4class/Rest/case_5015_idle_0%3A01%3A07.483333-0%3A01%3A12.20000030fps_clip_187.mp4,3
376,/home/itec/sahar/Domain_Adaptation/DA_main/multiclass_cataract_4class/Rest/case_5015_idle_0%3A02%3A45.250000-0%3A02%3A53.31666730fps_clip_188.mp4,3
377,/home/itec/sahar/Domain_Adaptation/DA_main/multiclass_cataract_4class/Rest/case_5015_idle_0%3A02%3A45.250000-0%3A02%3A53.31666730fps_clip_189.mp4,3
378,/home/itec/sahar/Domain_Adaptation/DA_main/multiclass_cataract_4class/Rest/case_5015_idle_0%3A02%3A45.250000-0%3A02%3A53.31666730fps_clip_190.mp4,3
379,/home/itec/sahar/Domain_Adaptation/DA_main/multiclass_cataract_4class/Rest/case_5015_idle_0%3A03%3A38.200000-0%3A03%3A41.90000030fps_clip_191.mp4,3
380,/home/itec/sahar/Domain_Adaptation/DA_main/multiclass_cataract_4class/Rest/case_5058_Hydrodissektion_0%3A01%3A03.683333-0%3A01%3A20.13333330fps_clip_262.mp4,3
381,/home/itec/sahar/Domain_Adaptation/DA_main/multiclass_cataract_4class/Rest/case_5058_Hydrodissektion_0%3A01%3A03.683333-0%3A01%3A20.13333330fps_clip_263.mp4,3
382,/home/itec/sahar/Domain_Adaptation/DA_main/multiclass_cataract_4class/Rest/case_5058_Hydrodissektion_0%3A01%3A03.683333-0%3A01%3A20.13333330fps_clip_264.mp4,3
383,/home/itec/sahar/Domain_Adaptation/DA_main/multiclass_cataract_4class/Rest/case_5058_Hydrodissektion_0%3A01%3A03.683333-0%3A01%3A20.13333330fps_clip_265.mp4,3
384,/home/itec/sahar/Domain_Adaptation/DA_main/multiclass_cataract_4class/Rest/case_5058_Hydrodissektion_0%3A01%3A03.683333-0%3A01%3A20.13333330fps_clip_266.mp4,3
385,/home/itec/sahar/Domain_Adaptation/DA_main/multiclass_cataract_4class/Rest/case_5058_Hydrodissektion_0%3A01%3A03.683333-0%3A01%3A20.13333330fps_clip_267.mp4,3
386,/home/itec/sahar/Domain_Adaptation/DA_main/multiclass_cataract_4class/Rest/case_5058_Hydrodissektion_0%3A01%3A03.683333-0%3A01%3A20.13333330fps_clip_268.mp4,3
387,/home/itec/sahar/Domain_Adaptation/DA_main/multiclass_cataract_4class/Rest/case_5058_Incision_0%3A00%3A07.266667-0%3A00%3A10.58333330fps_clip_49.mp4,3
388,/home/itec/sahar/Domain_Adaptation/DA_main/multiclass_cataract_4class/Rest/case_5058_Incision_0%3A00%3A12.916667-0%3A00%3A18.28333330fps_clip_50.mp4,3
389,/home/itec/sahar/Domain_Adaptation/DA_main/multiclass_cataract_4class/Rest/case_5058_Incision_0%3A00%3A12.916667-0%3A00%3A18.28333330fps_clip_51.mp4,3
390,/home/itec/sahar/Domain_Adaptation/DA_main/multiclass_cataract_4class/Rest/case_5058_Kapselpolishing_0%3A03%3A49.066667-0%3A03%3A58.63333330fps_clip_93.mp4,3
391,/home/itec/sahar/Domain_Adaptation/DA_main/multiclass_cataract_4class/Rest/case_5058_Kapselpolishing_0%3A03%3A49.066667-0%3A03%3A58.63333330fps_clip_94.mp4,3
392,/home/itec/sahar/Domain_Adaptation/DA_main/multiclass_cataract_4class/Rest/case_5058_Kapselpolishing_0%3A03%3A49.066667-0%3A03%3A58.63333330fps_clip_95.mp4,3
393,/home/itec/sahar/Domain_Adaptation/DA_main/multiclass_cataract_4class/Rest/case_5058_Kapselpolishing_0%3A03%3A49.066667-0%3A03%3A58.63333330fps_clip_96.mp4,3
394,/home/itec/sahar/Domain_Adaptation/DA_main/multiclass_cataract_4class/Rest/case_5058_Kapselpolishing_0%3A04%3A03.216667-0%3A04%3A09.55000030fps_clip_97.mp4,3
395,/home/itec/sahar/Domain_Adaptation/DA_main/multiclass_cataract_4class/Rest/case_5058_Kapselpolishing_0%3A04%3A03.216667-0%3A04%3A09.55000030fps_clip_98.mp4,3
396,/home/itec/sahar/Domain_Adaptation/DA_main/multiclass_cataract_4class/Rest/case_5058_Linsenpositionierung_0%3A04%3A36.450000-0%3A04%3A45.96666730fps_clip_102.mp4,3
397,/home/itec/sahar/Domain_Adaptation/DA_main/multiclass_cataract_4class/Rest/case_5058_Linsenpositionierung_0%3A04%3A36.450000-0%3A04%3A45.96666730fps_clip_103.mp4,3
398,/home/itec/sahar/Domain_Adaptation/DA_main/multiclass_cataract_4class/Rest/case_5058_Linsenpositionierung_0%3A04%3A36.450000-0%3A04%3A45.96666730fps_clip_104.mp4,3
399,/home/itec/sahar/Domain_Adaptation/DA_main/multiclass_cataract_4class/Rest/case_5058_Linsenpositionierung_0%3A04%3A36.450000-0%3A04%3A45.96666730fps_clip_105.mp4,3
400,/home/itec/sahar/Domain_Adaptation/DA_main/multiclass_cataract_4class/Rest/case_5058_Rhexis_0%3A00%3A27.200000-0%3A01%3A01.28333330fps_clip_320.mp4,3
401,/home/itec/sahar/Domain_Adaptation/DA_main/multiclass_cataract_4class/Rest/case_5058_Rhexis_0%3A00%3A27.200000-0%3A01%3A01.28333330fps_clip_321.mp4,3
402,/home/itec/sahar/Domain_Adaptation/DA_main/multiclass_cataract_4class/Rest/case_5058_Rhexis_0%3A00%3A27.200000-0%3A01%3A01.28333330fps_clip_322.mp4,3
403,/home/itec/sahar/Domain_Adaptation/DA_main/multiclass_cataract_4class/Rest/case_5058_Rhexis_0%3A00%3A27.200000-0%3A01%3A01.28333330fps_clip_323.mp4,3
404,/home/itec/sahar/Domain_Adaptation/DA_main/multiclass_cataract_4class/Rest/case_5058_Rhexis_0%3A00%3A27.200000-0%3A01%3A01.28333330fps_clip_324.mp4,3
405,/home/itec/sahar/Domain_Adaptation/DA_main/multiclass_cataract_4class/Rest/case_5058_Rhexis_0%3A00%3A27.200000-0%3A01%3A01.28333330fps_clip_325.mp4,3
406,/home/itec/sahar/Domain_Adaptation/DA_main/multiclass_cataract_4class/Rest/case_5058_Rhexis_0%3A00%3A27.200000-0%3A01%3A01.28333330fps_clip_326.mp4,3
407,/home/itec/sahar/Domain_Adaptation/DA_main/multiclass_cataract_4class/Rest/case_5058_Rhexis_0%3A00%3A27.200000-0%3A01%3A01.28333330fps_clip_327.mp4,3
408,/home/itec/sahar/Domain_Adaptation/DA_main/multiclass_cataract_4class/Rest/case_5058_Rhexis_0%3A00%3A27.200000-0%3A01%3A01.28333330fps_clip_328.mp4,3
409,/home/itec/sahar/Domain_Adaptation/DA_main/multiclass_cataract_4class/Rest/case_5058_Rhexis_0%3A00%3A27.200000-0%3A01%3A01.28333330fps_clip_329.mp4,3
410,/home/itec/sahar/Domain_Adaptation/DA_main/multiclass_cataract_4class/Rest/case_5058_Rhexis_0%3A00%3A27.200000-0%3A01%3A01.28333330fps_clip_330.mp4,3
411,/home/itec/sahar/Domain_Adaptation/DA_main/multiclass_cataract_4class/Rest/case_5058_Rhexis_0%3A00%3A27.200000-0%3A01%3A01.28333330fps_clip_331.mp4,3
412,/home/itec/sahar/Domain_Adaptation/DA_main/multiclass_cataract_4class/Rest/case_5058_Rhexis_0%3A00%3A27.200000-0%3A01%3A01.28333330fps_clip_332.mp4,3
413,/home/itec/sahar/Domain_Adaptation/DA_main/multiclass_cataract_4class/Rest/case_5058_Rhexis_0%3A00%3A27.200000-0%3A01%3A01.28333330fps_clip_333.mp4,3
414,/home/itec/sahar/Domain_Adaptation/DA_main/multiclass_cataract_4class/Rest/case_5058_Rhexis_0%3A00%3A27.200000-0%3A01%3A01.28333330fps_clip_334.mp4,3
415,/home/itec/sahar/Domain_Adaptation/DA_main/multiclass_cataract_4class/Rest/case_5058_Rhexis_0%3A00%3A27.200000-0%3A01%3A01.28333330fps_clip_335.mp4,3
416,/home/itec/sahar/Domain_Adaptation/DA_main/multiclass_cataract_4class/Rest/case_5058_TonifyingandAntibiotics_0%3A06%3A02.766667-0%3A06%3A28.15000030fps_clip_159.mp4,3
417,/home/itec/sahar/Domain_Adaptation/DA_main/multiclass_cataract_4class/Rest/case_5058_TonifyingandAntibiotics_0%3A06%3A02.766667-0%3A06%3A28.15000030fps_clip_160.mp4,3
418,/home/itec/sahar/Domain_Adaptation/DA_main/multiclass_cataract_4class/Rest/case_5058_TonifyingandAntibiotics_0%3A06%3A02.766667-0%3A06%3A28.15000030fps_clip_161.mp4,3
419,/home/itec/sahar/Domain_Adaptation/DA_main/multiclass_cataract_4class/Rest/case_5058_TonifyingandAntibiotics_0%3A06%3A02.766667-0%3A06%3A28.15000030fps_clip_162.mp4,3
420,/home/itec/sahar/Domain_Adaptation/DA_main/multiclass_cataract_4class/Rest/case_5058_TonifyingandAntibiotics_0%3A06%3A02.766667-0%3A06%3A28.15000030fps_clip_163.mp4,3
421,/home/itec/sahar/Domain_Adaptation/DA_main/multiclass_cataract_4class/Rest/case_5058_TonifyingandAntibiotics_0%3A06%3A02.766667-0%3A06%3A28.15000030fps_clip_164.mp4,3
422,/home/itec/sahar/Domain_Adaptation/DA_main/multiclass_cataract_4class/Rest/case_5058_TonifyingandAntibiotics_0%3A06%3A02.766667-0%3A06%3A28.15000030fps_clip_165.mp4,3
423,/home/itec/sahar/Domain_Adaptation/DA_main/multiclass_cataract_4class/Rest/case_5058_TonifyingandAntibiotics_0%3A06%3A02.766667-0%3A06%3A28.15000030fps_clip_166.mp4,3
424,/home/itec/sahar/Domain_Adaptation/DA_main/multiclass_cataract_4class/Rest/case_5058_TonifyingandAntibiotics_0%3A06%3A02.766667-0%3A06%3A28.15000030fps_clip_167.mp4,3
425,/home/itec/sahar/Domain_Adaptation/DA_main/multiclass_cataract_4class/Rest/case_5058_TonifyingandAntibiotics_0%3A06%3A02.766667-0%3A06%3A28.15000030fps_clip_168.mp4,3
426,/home/itec/sahar/Domain_Adaptation/DA_main/multiclass_cataract_4class/Rest/case_5058_TonifyingandAntibiotics_0%3A06%3A02.766667-0%3A06%3A28.15000030fps_clip_169.mp4,3
427,/home/itec/sahar/Domain_Adaptation/DA_main/multiclass_cataract_4class/Rest/case_5058_VK-Splung_0%3A05%3A26.300000-0%3A05%3A42.78333330fps_clip_100.mp4,3
428,/home/itec/sahar/Domain_Adaptation/DA_main/multiclass_cataract_4class/Rest/case_5058_VK-Splung_0%3A05%3A26.300000-0%3A05%3A42.78333330fps_clip_94.mp4,3
429,/home/itec/sahar/Domain_Adaptation/DA_main/multiclass_cataract_4class/Rest/case_5058_VK-Splung_0%3A05%3A26.300000-0%3A05%3A42.78333330fps_clip_95.mp4,3
430,/home/itec/sahar/Domain_Adaptation/DA_main/multiclass_cataract_4class/Rest/case_5058_VK-Splung_0%3A05%3A26.300000-0%3A05%3A42.78333330fps_clip_96.mp4,3
431,/home/itec/sahar/Domain_Adaptation/DA_main/multiclass_cataract_4class/Rest/case_5058_VK-Splung_0%3A05%3A26.300000-0%3A05%3A42.78333330fps_clip_97.mp4,3
432,/home/itec/sahar/Domain_Adaptation/DA_main/multiclass_cataract_4class/Rest/case_5058_VK-Splung_0%3A05%3A26.300000-0%3A05%3A42.78333330fps_clip_98.mp4,3
433,/home/itec/sahar/Domain_Adaptation/DA_main/multiclass_cataract_4class/Rest/case_5058_VK-Splung_0%3A05%3A26.300000-0%3A05%3A42.78333330fps_clip_99.mp4,3
434,/home/itec/sahar/Domain_Adaptation/DA_main/multiclass_cataract_4class/Rest/case_5058_Viscoelasticum_0%3A00%3A21.266667-0%3A00%3A25.18333330fps_clip_87.mp4,3
435,/home/itec/sahar/Domain_Adaptation/DA_main/multiclass_cataract_4class/Rest/case_5058_Viscoelasticum_0%3A04%3A11.616667-0%3A04%3A17.08333330fps_clip_88.mp4,3
436,/home/itec/sahar/Domain_Adaptation/DA_main/multiclass_cataract_4class/Rest/case_5058_idle_0%3A01%3A20.133333-0%3A01%3A24.80000030fps_clip_230.mp4,3
437,/home/itec/sahar/Domain_Adaptation/DA_main/multiclass_cataract_4class/Rest/case_5058_idle_0%3A02%3A48.983333-0%3A03%3A00.11666730fps_clip_231.mp4,3
438,/home/itec/sahar/Domain_Adaptation/DA_main/multiclass_cataract_4class/Rest/case_5058_idle_0%3A02%3A48.983333-0%3A03%3A00.11666730fps_clip_232.mp4,3
439,/home/itec/sahar/Domain_Adaptation/DA_main/multiclass_cataract_4class/Rest/case_5058_idle_0%3A02%3A48.983333-0%3A03%3A00.11666730fps_clip_233.mp4,3
440,/home/itec/sahar/Domain_Adaptation/DA_main/multiclass_cataract_4class/Rest/case_5058_idle_0%3A02%3A48.983333-0%3A03%3A00.11666730fps_clip_234.mp4,3
441,/home/itec/sahar/Domain_Adaptation/DA_main/multiclass_cataract_4class/Rest/case_5058_idle_0%3A03%3A45.666667-0%3A03%3A49.06666730fps_clip_235.mp4,3
442,/home/itec/sahar/Domain_Adaptation/DA_main/multiclass_cataract_4class/Rest/case_5058_idle_0%3A03%3A58.633333-0%3A04%3A03.21666730fps_clip_236.mp4,3
443,/home/itec/sahar/Domain_Adaptation/DA_main/multiclass_cataract_4class/Rest/case_5058_idle_0%3A05%3A58.650000-0%3A06%3A02.76666730fps_clip_237.mp4,3
